user_id,name,age,country
bdd640fb-0667-4ad1-9c80-317fa3b1799d,Daniel Doyle,56,Philippines
16419f82-8b9d-4434-a465-e150bd9c66b3,Amanda Davis,23,Djibouti
8fadc1a6-06cb-4fb3-9a1d-e644815ef6d1,Matthew Gardner,17,Cyprus
cf36d58b-4737-4190-96da-1dac72ff5d2a,Olivia Moore,33,Jamaica
371ecd7b-27cd-4130-8722-9389571aa876,Gabrielle Davis,31,Bhutan
9a8dca03-580d-4b71-98f5-64135be6128e,Andrew Stevens,30,British Virgin Islands
142c3fe8-60e7-4113-ac1b-8ca1f91e1d4c,Sandra Montgomery,24,Tokelau
b45ed1f0-3139-432c-93cd-59bf5c941cf0,Matthew Mejia,22,Belgium
19db3ad0-ddd1-4fb2-bb98-2ef8daf61a26,Jesse Flowers,59,Central African Republic
ab9099a4-35a2-40ae-9af3-05535ec42e08,Timothy Wong,50,New Caledonia
baa80dd4-88bd-4407-abcf-be01a28defe3,Joel Nelson,21,Uzbekistan
3838b326-8e94-4239-b02b-61c4a3d70628,Sarah Parsons,53,Denmark
50c187fc-ce17-4b4e-8837-b8a3d261a7ab,Austin Gentry,43,Montenegro
366eb16f-508e-4ad7-b7c9-3acfe059a0ee,Jennifer Rocha,18,Kuwait
3f22faf8-23be-401d-83cf-2fde24933b83,Kimberly Burgess,17,Japan
5cabcc97-663f-4c97-9562-69f0e5d7b875,Zachary Hicks,21,Bermuda
1c11f735-dc71-4d96-8c0f-d195c17af08a,Christopher Becker,29,Nepal
988c24c9-61b1-4d22-a280-1c4510435a10,Kendra Maddox DVM,30,Algeria
ae849217-1d53-434b-b881-39b9ae270da7,Nicole Mack,48,Guam
287d06ca-6f4c-469a-8b22-d3081c8eaee9,Troy Liu,54,Estonia
2dbc2134-c30f-446e-8026-695ff8cda88b,Ashley Garrett,17,Tajikistan
32ebd689-9be5-48c7-81f6-31d4a39231a7,Phillip Ryan,51,Slovakia (Slovak Republic)
00257ad1-eb22-43dd-87c5-421eec24a3c5,Katherine Rodriguez,28,Guyana
ce88cb2d-d4e8-4839-bc3e-058be0f3eab0,Anthony Humphrey,57,Yemen
7c69dee1-bb5e-4bcf-95ed-626914296c07,Vanessa Patel,60,Brunei Darussalam
f264accc-79ac-4b1e-a8e5-6e0c20de435d,Deborah Brennan,50,Jamaica
8a0f4efb-edcd-465e-b638-6821f6e07cc0,Melissa Marquez,42,Iran
5f987c71-a65e-488e-abf3-ad39fec21bbe,Joseph Martinez,30,Czech Republic
969b6662-0562-4059-968c-c69b1064005c,Leah Smith,44,Russian Federation
114125c6-3a9b-4dd4-8f12-59e0a18ff6b6,Shannon Jones,53,Dominica
36d8393a-7c44-4fe7-ab42-20a7474a493b,Miranda Khan,33,Morocco
7914c120-c8dc-419f-be35-11287900f7f9,Cheryl Davis,16,Jersey
778eedb3-693d-4fbc-ac6f-a6115ab33edf,Amy Valdez,26,Oman
ba6c34ab-6712-403a-8f84-4fef1931e9ee,Scott Wright,60,Comoros
6c006f61-23e2-4cb4-b2d8-567d894a05e4,Joel Baxter,43,Belarus
db20a56e-dc81-4fe7-8eda-8bbb71710434,Amber Kidd,37,Taiwan
ed2662e9-17e0-41b7-b810-238303c72ba8,Cynthia Russell,33,Liberia
e7067ef4-66aa-4385-9d59-ba7136b82481,James Galloway,25,Estonia
747b6dba-c8fe-4ccd-88b8-d9c6ed3049cf,Michael Cross,29,Slovenia
7c967f79-b7e9-4aca-a970-65e18e46d534,Edward Novak,37,Mozambique
bf7b539b-0f9a-4a4b-8acd-4e10bc594585,Anthony Woods,22,Uruguay
0e8fa8e0-284d-42e5-87f7-e1fbda4bd9ca,Angela Lopez,21,Nepal
3c365296-dca0-4eec-acda-bacc1165e210,Todd Hudson,40,Mozambique
14fcdd54-9e8f-4965-8a2c-827e98326856,Kevin Mills,22,Vietnam
b758588d-ab73-495b-b44a-54b842c18a62,Derek Anderson,38,Oman
edd4253b-50f0-4d0a-b50c-ab754ccc9bc2,Angel Ellis,38,Mongolia
89a2688b-12c1-46e0-9998-5f15ff002d4d,Derek Mahoney,54,Turkmenistan
5e9953d2-3e89-4c64-a117-dac3119c4ea3,Jeffrey Daniels,32,Gabon
ce9e1a11-fcbb-4e59-bbdd-cf7c9c96e9ec,Aimee Montoya,18,French Southern Territories
f05db76e-1a84-451a-a9d3-d7c7ee87905e,Deborah Preston,45,Samoa
48212ddb-45b8-4cd9-a7cb-6f2a8da01097,Michelle Harris,50,North Macedonia
7d106c60-8162-4cf1-8394-72e6da587e8a,Terry Williams,23,North Macedonia
0b49452d-46d4-43f3-9450-281c6c6f7633,Ray Walsh,40,Estonia
8d3aed99-711c-41c9-bdc1-4f1f295d6fbf,Kristina Rodriguez,21,Western Sahara
26286bfb-e767-4cea-b0e6-a969e21342b0,Sandra Aguilar,51,Cameroon
4eea04e7-0ab5-4bde-a0a0-45026e068097,Timothy Stanton,34,Armenia
ae9bec36-35c7-436c-9b99-62c6e61fecc0,Brian Deleon,56,Turks and Caicos Islands
9ee3ac2a-f94d-4204-a808-593fdfed2c43,Tammy Young,55,Central African Republic
2d534dd0-cf8e-4c5a-8cc5-6569f9e8a369,Allison Doyle,39,Grenada
cd5f4822-6966-48aa-ae49-f329c84a7b28,Nancy Wright,52,Cayman Islands
61ee411a-1bac-47a7-b386-f7a4c991603f,Shannon Walker,28,Svalbard & Jan Mayen Islands
4e20fd1a-5983-46e3-b5d6-6ed4eb1fa9f2,Shelby Walker,20,Palestinian Territory
475287aa-5408-49ac-a601-ddd03170f437,Tracy Ramirez,18,Norway
fb2ca025-adf4-462d-a651-529e8268690b,Erin Johnson,58,Turkey
94a1875d-2db6-4edb-82de-ffccf86c2ca2,Deborah Rodriguez,30,Jordan
504d281f-c953-4b63-ba81-edd9587ef344,William Wilson,34,United Arab Emirates
0b5cea6a-4135-4e8c-b0a9-00ad939b462d,April Frost,21,Mauritania
bdf070aa-f0b5-456b-b82c-9074afd5dea5,Christina Reynolds,30,Yemen
9f871ce7-5487-4d4f-abb7-a385aa0b7b14,Ryan Cortez,22,French Southern Territories
688c7015-aab9-4e49-8f2d-479681d2c7de,Michael Spencer,40,Congo
610faa3f-f0bb-4c67-aa38-d0a16ba25efe,Stephanie Gilbert,33,Gabon
001a9a8b-d56f-4350-8c45-9ce267f48ad5,Daniel Floyd,45,New Caledonia
7118e364-7709-4749-927e-ecfaa79ac9aa,Daniel Kennedy,56,United Arab Emirates
2b70e525-bc67-4831-8bc8-4759f5b78cc7,Diane Beck,39,Niger
f3b63fe1-d184-4324-97e8-392a55cee5db,Megan Walker,26,Congo
3eae0032-0bd4-4990-8640-be0f25b8fd4b,Miss Patricia Gibson,39,Turks and Caicos Islands
b7e58481-31c6-41ec-935f-2b0aa1384ddc,Kathleen Sanchez,38,Palau
c03f3538-e485-4aa1-816b-6287b00805cc,Stacey Osborne,29,Cyprus
b227462c-f53d-4330-8dda-24ba2d06e8cf,Amber Wright,58,Thailand
cd29a36f-2222-42e1-b4da-aebf1f115b76,Joseph Hansen,33,Ghana
714c7df4-e434-4d51-8158-1092f335cba3,Michelle Wagner,60,Switzerland
e5af6e39-7227-44e6-8c41-561be827a1b9,Scott Cole,59,Sao Tome and Principe
46fde062-a33d-47af-9701-410d3f4b1a70,Kelly Sims,57,Falkland Islands (Malvinas)
49257af1-b6aa-405b-93d5-f2f7709b7d97,George Orozco,20,Belgium
620e99d3-3b33-43d8-a69c-d696236c7b87,Michelle Brown,54,Ireland
6a702e2f-7746-40ba-8ae8-905b54b4a482,Ross Price,56,Sierra Leone
05000bc6-b20d-4b6e-b231-1f1795863a76,Pamela James,26,Albania
c0e3befd-4c71-40fe-9a0c-dd7cf1578470,Steven Houston,50,Mauritania
ccc42903-8bcf-43a1-bc10-fa52bf5d2fdf,Connie Robinson,31,Jordan
560c95ee-638c-454c-876e-2bba7c5308bf,Rebecca Ramsey,26,Tajikistan
fb10987f-20ac-4703-ab67-146a77a6e17c,Alyssa Long,45,Mongolia
a48b3dbe-157d-44a1-86f0-28ffa9ba5a27,Sean White,40,Eritrea
74672cd9-362f-4e5c-93cd-6268610cf373,Philip Gray,33,Sao Tome and Principe
4094dded-6beb-4c31-94f8-fd72f3821cfd,Julie Curry,56,Austria
39669fa7-5997-4043-b3b1-025bfff9f585,Rachael Pearson,60,Saudi Arabia
33094d35-3f4d-4561-b319-c12507f194f9,Lisa Allen,51,Lebanon
f2a03459-9060-4f62-9d48-a071ab61a7b1,Michael Wang,30,Chad
bf780e3f-f6b7-41f7-9b74-92459b1bc895,Paula Martin,59,Georgia
edcb8cb6-0692-4c63-9424-aed51bac5c15,Michael Rubio,36,Indonesia
13748146-32c5-4d89-b70b-3420f1043785,Sandra Sanchez,19,Qatar
af2b99b4-d9ac-4158-8d34-85c5c5c14eb4,Barbara Riggs,30,Slovenia
6daa2e68-8861-4e18-98e2-58880a8381be,Andrea Holland,18,American Samoa
7d7ddbed-d284-476c-ab88-f83dd97dc9cd,Tyler Reid,36,Switzerland
6f7c15ea-272a-4d8e-b512-2df875b17a55,Joseph Santos,41,Nicaragua
c64ee6e3-89c5-431a-ab6c-1016cee624d0,Mr. Nicholas Adams,33,Timor-Leste
162f8a24-ef43-413c-94aa-c9a33ed8c56c,Jerry Christensen,20,Montenegro
561e16d1-6105-416b-ab0e-664e9c3eb2d5,Samuel White,29,Croatia
57207246-4223-423b-8c3e-bdde5ad5cf06,Kyle Beard,52,Moldova
30e912f2-f2b4-4abf-8441-aefd0299436a,Nathan Freeman,36,Senegal
a559e463-79e1-4cea-b0cb-c61f3d85de89,Joan Smith,29,French Polynesia
3e493f43-b118-468d-a786-d50638ba8abc,Kevin Kennedy,57,Marshall Islands
bef59fe6-ff23-4d5f-aced-d15d58007c02,Heather Chavez,47,Gambia
b8a6171f-1ee3-4dc4-bb04-8a8b405bfdc9,Bryan Herrera,41,Serbia
3764fbda-3108-4448-af65-fafab0ae8f08,Destiny Lawrence,57,Senegal
fb02bebb-4872-4a4d-98c7-472a864e9a13,Cory Perez,45,Christmas Island
88bd13d1-b540-430e-839f-3a254d6168bd,Angel Brown,25,French Guiana
a34b6cf6-2053-4a42-b1af-db65b289f224,Katherine Salas,32,Montserrat
70c2903f-7a8d-43aa-b82a-65e048ca7651,Vincent King,24,Tokelau
10ba58e3-d276-4bdc-9d34-d08e7a4c75d4,Benjamin Soto,31,Austria
90164161-cfa7-41cd-a631-d00b26d794d3,Angela Wright,51,Moldova
989bc4da-9b37-422b-aa8a-616fc3b290d0,Courtney Mills,50,Korea
dc33e1f9-4c1f-45ab-b156-29eee893be3d,Jessica Carroll,32,Bahamas
19675f06-bd76-4e35-b5c9-b0479c10c572,Christine Clark,53,Panama
2c7f0b79-3d67-4de9-a834-e4c014c8b3b4,Brooke Ortiz,43,Portugal
085b15fb-4a8f-4810-b84c-2f29980402a2,Michael Warner,53,Korea
ec856f37-3bc1-4987-aff8-754d1238d630,Rick Lawrence,41,Spain
1d61fac3-6cd5-4859-b2a4-47b2ef04e57d,Maria Kerr,39,Sweden
2a79ea68-0f44-404f-9247-ea4e246998e8,Linda Holloway,30,Uruguay
77fc9703-1fd5-4423-b06c-5c5649e2623d,Melissa Bender,24,Macao
1497d658-7010-4719-be69-5d0d8a3c3b5e,Stacy Navarro,48,Netherlands
3a9aca5e-1761-42ed-869f-14f140181c6e,Sara Johnston,47,Zambia
ac1aa554-c3c7-4611-bfe3-fa49054f92ff,Laura Hines,21,China
7135f221-a6c9-437f-84da-d06a7872bdeb,Catherine Richards,19,North Macedonia
175ba98d-f814-4102-bde1-bdfed0725b5c,Jason Morris,23,Bosnia and Herzegovina
6961929e-546e-435a-a92b-d156db946570,Donna Landry,25,Suriname
746f7891-0964-4bbf-8cd3-21b0c2b01cfd,David Wilson,56,Sierra Leone
d32e6dcd-83bc-4478-9d6a-c7b86778043b,Mary Daniels MD,26,Comoros
c1a6423b-9f64-4eed-9c9d-927d84b871bb,Mr. Anthony Adams Jr.,59,France
7c16128d-b2c0-4394-a17f-29e170286046,William Lynch,43,Dominican Republic
8d03c91e-4f8d-4238-a88b-78b5b5b453ca,Jason Walker,54,Tajikistan
f27292b6-7621-42ed-9d0b-c9bde9b5c5cf,Ronnie Jimenez,20,Saint Barthelemy
45ff2c83-b495-4b4e-8245-6fb44ab7706e,John Kennedy,40,Korea
30cbd755-6232-417a-a507-41818d1fb540,Katie Suarez,40,Tonga
ca3dd859-c5ce-499c-86b8-265911df12d7,Gina French,54,Ethiopia
b9de7a3a-4868-42b9-80a8-1de9d20f87d0,Kevin Duarte,45,Liechtenstein
89e06ab3-7250-4e18-a60a-5962dd81b7f5,Mr. Phillip Bennett,49,Venezuela
fb140bc3-304b-4590-9e9e-37575260001e,Laura Hall,32,Singapore
bea4ff31-5174-40f8-8b2c-782a69288e92,Thomas James,51,Panama
fb16e5db-a6ea-479e-921c-82f8cada4f80,Vincent Martinez,16,Nauru
dfcaf0b7-19b1-4e80-9ea4-ae1754fd9ad3,Ariana Lozano,59,American Samoa
def57689-68f4-4bce-a4e7-5e8eb8f21423,Brittany Harrison,23,Estonia
65c17795-b155-46bc-9f8d-ed9756abf2f1,Sarah Phelps,59,Togo
5110b492-f442-4e0b-a148-4bb3889b78d5,Stacy Freeman,50,Mauritius
3c19e71d-1184-45ad-9e11-d2cd0930aef6,Tammie Bright,33,San Marino
1933918c-fa74-4761-af18-c1081723199d,Michele Garcia,57,Chad
0769165f-e746-4cb9-8ca9-cf07b1aa0f6a,Robert Carter,37,Holy See (Vatican City State)
87fa841a-3e83-491f-a544-0fe06e417d47,Michael White,23,China
61ee6c5b-deef-480f-9c07-a75114374509,Cynthia Durham,34,Cambodia
4104a8b5-a34d-47c5-b60d-ebbb3b70b3a1,Michael Nolan,43,Lao People's Democratic Republic
8beddb12-ad77-482f-89a2-3a89e6b5a92c,Jeremy Reed,26,Namibia
6c9f82b9-f647-4986-a391-7c994c955f6a,Joyce Turner,45,Hungary
3cb98350-1b4d-40fe-bbb3-8605da743152,Ian Phillips,16,Reunion
d47d577b-fa5a-41ca-859d-d55d4b943e30,Denise Knight,32,Poland
0c8e29e3-f93e-48d5-bea2-9dfec73f6e1b,Natasha Wall,48,United Kingdom
3ae909fe-cc82-48da-8696-f5e64944051b,Heather Fields,27,Niger
b88ec318-c16d-43ed-ad81-f8bd402913ec,Melanie Taylor,48,Bhutan
0a17991e-a576-4411-a0a1-1839e7457704,Jeremiah Riley,22,Saint Martin
4b8c5bdc-e8dd-4e5a-9712-fb1621a4344f,Jason Gonzalez,56,Solomon Islands
5da8d6d2-f8b3-4a8b-a05f-b8bc8a16a06c,Susan Rivas,35,Equatorial Guinea
7b5a611a-f1b6-4afe-931e-df1ae9ff1cae,Elizabeth Harrell,56,Spain
1346d1a9-f680-4cdb-b7e4-90c71d7bc313,Vincent Dalton,48,Saint Kitts and Nevis
f79efd70-65bc-4272-badd-7ea3aca5e2fd,Kristin Davis,54,Indonesia
1fa382e8-895c-4d99-83b3-8eb403902c5d,Michael Chambers,28,Myanmar
f0b6f83f-a377-46f1-9289-f0ab618ae305,Michael Ruiz,25,Niger
53f8382b-8fb8-44e4-b173-8856e25d36eb,Connie Brown,39,Swaziland
4d5c55c7-b379-4b1e-a8cd-a0cc76da3ca0,Audrey Williams,26,Argentina
1dba1267-7e1c-45a1-bef5-18a64dead645,Stephen Taylor,50,Korea
be3e6e57-f30a-4e32-aba4-fc035efa9c5b,Kimberly Matthews,49,Saint Lucia
a7a8f636-6a35-4f59-a2aa-7a5d278ed00d,John Russell,16,Zambia
5edb0d3c-b0b6-4bcf-8860-1833479d0cda,Jeremy Young,54,Guyana
5e09a9ee-af88-4dec-bb1e-143b196f4dfa,Vanessa Howard,36,Indonesia
1f45dbfd-f7dc-47e0-b097-4b2b46a02a9b,Samantha Davis,47,Croatia
f8999246-98de-4ebb-a3b5-cecea446be72,Richard Sanchez,17,Brunei Darussalam
11906f50-3488-4a46-9088-2eafc9776598,Kristen Willis,23,Suriname
c63d04ee-541c-4a86-bba5-cd2fdea45c19,Steven Smith,39,Togo
21472a15-fcce-46f6-a50a-4578fbe94499,Rebecca Rodriguez,35,Tonga
5bb5c40c-03cd-42e3-a1bd-db4106998731,Cynthia Morris,31,China
bde13c1b-2073-4f6d-8d6a-05b343ef2016,Brian Brown,19,Kiribati
97fa7f04-8363-4007-9cae-9610c72c1fe3,Jonathan Dougherty,31,Aruba
ddf275eb-e8a3-4341-8881-9065ba2c98ce,Elizabeth Schneider,52,Antarctica (the territory South of 60 deg S)
d8e88ebb-7a9e-4eef-bfa3-61be0f9240e1,Michael Henry,21,United States of America
14aeaf5c-e636-48c9-92d0-498d718d4d05,Charles Martinez,21,Nigeria
b64fa54a-8c61-4654-95da-75c1a21150f9,Zachary Schmidt,47,Korea
1963c26d-6e21-4b09-9afd-4015816bcb9f,Ashley Pena,20,Turkey
dd90e79e-b888-46ed-8d24-4e3ec4dabddb,Jesse Perez,50,Guadeloupe
6a7e4c36-6613-4e69-b418-8109d3d1bf0f,Emily Edwards,24,Equatorial Guinea
afd380c4-2713-482c-b41e-a3ac5fd23109,Andrea Decker,24,Bermuda
bd21bc11-be9d-41ee-98b8-72456e8f75a1,Carlos Brown,58,Zimbabwe
ab85fd59-5463-4dc7-8fca-7b6a8fc42092,Hayden Ortega,46,Sao Tome and Principe
b8976ec5-ea74-4b18-9e3b-496f6c4596f6,Dwayne Edwards,51,Bosnia and Herzegovina
279c658a-3676-4ce5-81e5-c9f693f277cc,Courtney Rodriguez,26,Tanzania
c33a1f6c-1d69-4fba-9e18-7b248e676a01,Darrell Patterson,32,Monaco
9f294a8b-d184-4c39-8476-7556f97be2dd,Maria Johnson,49,Vanuatu
44777442-b187-43e6-9457-8ad9a867a096,Donald Farmer,54,Uruguay
2e709838-0190-4620-99dc-abd056febfb9,Kylie Morales,43,Cambodia
07d924ce-f8c8-4fae-a217-8f84bdb025ff,Joseph Bennett,29,Korea
4fc77768-5ebb-4ca5-a84b-f9625744f596,Paula Bradley,50,Belize
284c03d2-27d4-45b6-8d77-c5a0e222b6a6,Amber Miller,60,Kenya
9b69554d-7c54-435f-ac8c-3b6aa974d079,Donald Fischer,28,Brazil
4882d73c-1c63-45ab-ae0e-d1e8585d3f86,Leslie Rose,35,Gambia
fc04a168-652f-4b49-b873-e57f0ba078e8,Aimee Turner,41,Croatia
4169b9fc-c3a0-4c6f-a321-d1e1c47104c0,Bryan Jimenez,58,Jersey
88575117-6155-4667-a112-507c2cfa55b0,Kathryn Whitaker,57,Sri Lanka
dc9c96de-65a6-44c2-9273-8a235aaab32f,Jessica Stevens,39,Belarus
6de59332-9364-43d0-9024-bdc6dcb33df3,Michelle Butler,44,Brazil
532401fc-f758-4ce2-8556-daea67b03283,Travis Stevens,49,Portugal
6fcc57dd-168f-4e12-9ca2-60c9eb7607c9,Dana Chapman,44,Malta
4f6e274b-deda-4027-a550-f74a1422373f,Connie Maxwell,23,Belarus
87d5b7be-1d30-4990-a21b-030782af085c,Susan Bailey,31,Saint Lucia
d0a643fe-a53b-4024-91a6-9d87f54e2019,Brian Scott,30,China
c257cf73-c29d-482b-a722-796e9a36d1ec,Cassandra Mejia,20,Lithuania
c2874f06-9050-47ef-8123-5c9176c5a0dc,Melanie Macias,37,Norway
52bdc661-9fe0-48c7-bc8d-5b93a2a2e91f,Lori Hernandez,17,Bangladesh
4d85a3d2-a1a2-4485-b134-8c2a780b3657,Leslie Bell,53,Barbados
09a0a0f6-73b0-4091-b634-c1694f76e388,Ronald Jones,51,Tonga
9d713084-171d-4bf9-9af4-81a7fa34d2e8,Janice Carpenter,30,Zimbabwe
0a8076ec-e558-4e16-bd29-ede9cab4923b,Robert Pearson,53,Gibraltar
269ed4c9-8059-4b93-b9c2-d2e49ae1a991,Joanna Shepherd,30,Taiwan
15969802-b6dd-4257-bb7d-9f1c57eb89b1,Carrie Wright,16,Kazakhstan
85d2d0a6-8629-4b5d-b07d-f251fdb1429e,Helen Hardin,20,Iceland
adcc3daf-569f-4ab3-8643-530068a51c68,Rachel Holland,56,Bahrain
adaa44ca-8ed6-4d5e-9831-8aa354669d19,David York,19,United States of America
555736f8-267e-4dce-9f8f-41979a4a99b2,Matthew Rangel,30,Georgia
a981b098-b2cf-452d-a7f3-33b3f7baf55e,Kurt Hurley,20,Georgia
caaa5bbe-a4bb-4962-a06e-0e1c8f158449,Carl Warner,18,Yemen
e99630f7-af77-420e-bf46-25afbd20563b,Maria Henderson,37,Guyana
2e25b5ee-4f11-48dc-9cd3-336904aac1b7,Gloria Miranda,20,Congo
27aa7cbc-2337-4bbc-bffe-77c839feb99c,Ryan Garcia,48,Sierra Leone
e238fe93-bd17-45e8-95ca-69ab8a2e6a93,Mary Walter,31,Niger
277d1be9-6070-46a1-98e5-2499218c6e1c,Ronald Wise,33,Sudan
700b5d5f-b89f-42f3-aa60-c652e7147668,Jackson Ball,58,Kenya
bfa016c2-c09c-4506-88f1-096d9c4ffb46,Cynthia Allen,47,Sudan
d5c9fdc7-e76a-4ca9-b811-6802c8cc7cfe,Michael Hudson,29,Kazakhstan
c7332304-4822-4120-84f9-eccd7630a8a7,Joseph Burch,50,Svalbard & Jan Mayen Islands
236e1608-9acb-494a-8d1f-5318331f63fb,Amy Castillo,24,Holy See (Vatican City State)
b61e5fdb-1a43-4206-af2d-dcc48df661da,Sarah Mitchell,52,Serbia
e7c225da-7306-4588-85d5-a68d290a3abb,Sandra Davis,52,United States Minor Outlying Islands
e27718c5-737d-4fb6-9113-76e038d77b9a,Alexander Brown,46,Macao
fe9936a3-62db-4850-bc5b-f3a75fbbf0b1,Danny Flores,31,Bolivia
55d596af-a663-42cd-b6f6-dbf1d6d441cc,Brenda Mitchell,46,Switzerland
2387eaf6-d4c3-4832-b231-c60b78f2ce6b,Julie Gilbert,42,United Kingdom
3735262d-4184-4b03-84dd-7054144823f7,Kimberly Acosta,28,Marshall Islands
49c10669-c6b3-4fe6-9c76-bdf66c5a6c93,Bryan Allen,22,Northern Mariana Islands
10142131-7505-45f5-9f70-8368cb3cf8ca,Taylor Carlson,22,Andorra
3defa849-9336-4f7e-83ef-a9f3a1c7cc8a,Doris Smith,58,Guinea
2ff3cde4-6aa4-4c9f-9217-04753d959e3f,Angela Villegas,43,Bangladesh
81e03a5e-8b48-4496-86ab-d4e7f4124360,Katie Smith,38,Tunisia
630aa767-a2bb-422b-8b25-1279785ac5d0,Mrs. Alexis Kramer,43,Guatemala
a0d572c8-a837-4e68-bba2-05ca3dba6da8,Kevin Sherman,42,Burkina Faso
56ab087a-8bc7-4e81-9a30-45280b599562,Carrie Maxwell,45,Kyrgyz Republic
a1b970d0-7a81-44de-b205-07bbfb16f757,Chad Baldwin,19,Western Sahara
339b77a8-4b1f-4d7b-8977-c513752a7d25,Curtis Williams,59,Venezuela
fd372539-65f2-42f9-83f0-2dc74f612217,Kara Johnson,57,Oman
dcb51c53-5b62-48df-893e-904d30ec2796,Sharon Rivera,57,British Virgin Islands
e3b56360-6fdc-4bad-9e36-8127cca1b45c,Jeremiah Huber,22,Guadeloupe
b12b6680-7f07-4cb9-afd3-40c0f945f2fd,Tim Stone PhD,19,Saint Lucia
9a3a6103-6e3c-4532-9434-8f626cac028c,Catherine Carter MD,41,Greece
7227890e-4e76-433a-8baf-0f5ea9320094,Jessica Norris,37,Guernsey
debac186-ba10-4217-8ad7-c9a2727716ec,Lisa Graham,22,Northern Mariana Islands
0eaf04b5-f2a9-4c8a-8a9e-4a62fae3114b,Mark Cox,31,Spain
f3ea0184-28f4-43ce-aded-da80bff9507d,Samuel Gregory,28,Kazakhstan
3c6a3174-1136-44a5-a050-9c6208e895d7,Holly Reyes,28,Montenegro
add702c9-2747-493c-9ae7-7eab084a6780,Jacob Wallace,50,Belarus
5df06e8c-878a-4ed9-a33f-fc8292ec89af,Matthew Wright,44,Brazil
7fc15858-2fa0-4842-bc55-300b06a241af,Susan Wilson,24,Singapore
36ee1640-723e-4466-b43b-d27f42a259a6,Donna Hendricks DDS,43,British Virgin Islands
73b911d8-12f5-431a-9a52-d2ee22bf18f5,Micheal Osborn,27,Sudan
fc902838-d874-4408-b7b2-17c7ae92ea71,Gregory Brown,33,Mauritius
d9f2dd0d-4cc9-45f2-a42e-50374a552ea0,Michael Graves,45,China
3967e60a-823d-4107-9c8a-c066cb2fafa3,Curtis Taylor,31,Somalia
8dd4595b-5c63-46f3-86ba-8cd37e7838c9,Julie Bird,20,Bulgaria
10d4de39-1612-47c9-a25d-f9a89ca8a5c4,Zachary Higgins,44,Malta
d2c65ee4-68d0-42a8-84e7-f7dd6929de73,Beth Stewart,51,Barbados
8471b4b0-ae1b-4f69-b740-d83173318749,Shawn Deleon,22,Northern Mariana Islands
f75d1e3c-c48d-4650-ae95-22d696792482,Jonathan Oneill,19,Switzerland
4ddb1b36-272c-4588-84a2-576c1fc905f8,Frank Fletcher,57,Guatemala
e519dd7e-84d6-4c4f-b0df-1684f28e4122,Blake Gonzalez,50,Zimbabwe
a0017720-200b-4903-8642-6c458d03f17a,Joseph Shaw,16,Chile
27794685-94a5-4fde-b10d-27c89780c215,Marcus Winters,21,Guadeloupe
0a8bb5b4-9049-4583-ac86-a890d7b00bdc,Alyssa Williams,31,Norway
a6b07458-43c0-4d43-93a7-4792c561b8dc,Kenneth Montgomery,26,Antarctica (the territory South of 60 deg S)
8baaf744-a08d-421b-a395-4cb17f7f6c0a,Tyler Webb,42,Sri Lanka
4c24a053-67f5-4e02-af5b-8f47ceae71cf,Michael Moore,47,Israel
5716dc2e-343a-4a2a-b6e5-ae787bf7e1d3,Emily Higgins,46,Saint Martin
f9b21e6e-586a-446a-9c5b-e7d1fcef1972,Philip Robertson,29,Botswana
1f5d988f-776a-4f09-bde2-885951b1943c,David Davis,41,French Guiana
9d896047-dd39-4793-a257-a4a2f204be89,Victor Barrera,19,Suriname
b89bdf7f-93e3-4c35-af0a-573d53d2d56d,Phillip Jimenez,26,Malaysia
4efc8248-e10b-4a47-bfae-b7487781321e,Brandon Long MD,40,Dominican Republic
0c74dc0f-5a57-4539-9556-0a2d3713b466,Johnny Khan,16,Palau
896490ab-4926-4e5f-b878-6140ac2a4f71,Brian Anderson,40,Estonia
673ba8bd-c38c-4dec-9da3-9a73ba3df7ff,James Hudson,32,Congo
12d2fa06-49e1-4d13-8da0-04955cce5ba9,Jerry Pierce,45,Sweden
9c6d52d5-ae2e-4af9-9f8c-c29ffd350c5f,William Long,34,South Africa
f05eeefe-8ece-4128-96ce-4b42fc9e1dcb,Charles Morrison,43,Iran
09f64405-0b99-4034-8a4e-255280051b10,Gary Wells,60,Korea
83f82f16-e4a4-474c-9b33-e3a42620f9a9,Timothy Flores,51,India
d7b4c294-bd44-489d-9dd2-f9defd98fe33,George Clayton,58,Martinique
4cbf131d-901b-4def-b56f-f8ce7d66971e,Alan Rivera,47,Bouvet Island (Bouvetoya)
4ec3f970-956d-40e4-aaa2-6216fada98f5,Molly Watts,25,Anguilla
f791f1e5-43f9-4d6b-b97e-be8798cf1188,Valerie Lane,28,Denmark
7afeb114-9561-4813-8d25-9caab8adad87,Mark Harvey,34,Tajikistan
ae441e21-d258-44f2-a5d4-a0fc61542765,Kenneth Graves,29,Comoros
6b352f85-504e-4687-b0e7-e75604d9145e,Michael Jenkins,19,Singapore
df70fb2a-78bb-42a5-aba7-42d29c89d374,Monica Thornton,53,Maldives
ff84faef-5336-423b-8f96-468535145890,Kelly Edwards,50,China
57a2be4e-887b-43e5-a980-f80875ac824c,Megan Dillon,19,Pitcairn Islands
43ad3d62-b17c-4b21-8dbc-2c1ca4afe7bd,Cheryl Wright,36,Moldova
f910abb3-f105-4252-b990-e2c94c6a70f4,Dr. Michele Vaughn,19,Liechtenstein
8f7c1d59-594b-4a3a-bad4-65a15129950d,Rebecca Hill,19,British Virgin Islands
6133a34d-8b0e-4eb1-ad37-1d9e92cf6021,Jennifer Reed,53,Sierra Leone
0ac4de85-4a5b-4aff-a57f-7595cdfb4db9,Miguel Reed,46,Kenya
7aa4f052-bf51-4362-81a6-4feda7edc8d8,Ronald Nelson,48,Monaco
1bf645f6-2324-4211-8588-fc1bb2384849,Laurie Sanchez,49,Paraguay
a35055e4-39c5-4df9-87f2-55d6e7ba26ac,Brett Rivera,26,Latvia
23310a28-c550-4ca8-ae62-990c19bd4f93,Joshua Hickman,19,Ireland
e0decc3d-e172-4c83-af5e-4376a723fb72,Matthew Avila,48,France
0f25477d-a559-40e7-8910-fade52380bf2,Ann Andrews,21,Martinique
efc9909e-d9af-4e09-b91e-3d6ebd1a8f4b,Thomas Butler,27,Taiwan
094d916d-eb6d-4fed-af15-8d5b2d007d05,Jennifer Simpson DVM,20,Tunisia
0997623a-e072-4d96-8a1a-81f5ed10f004,Keith Rodriguez,54,Grenada
a42d0cd7-fd35-4f6a-b450-388748d90846,Kathleen Mays,20,Thailand
315c167a-45d8-46ad-b7d0-359e811414f8,Erin Simon,59,Oman
039b058c-2faa-4e0b-b7f6-0cdf41dc1c60,Rachel Bradley,31,Saudi Arabia
db2c6ac8-9c67-4393-aced-3c0d317304b5,Jennifer Patterson,41,Greece
186b2880-ab54-4a15-a69d-01ff1634725b,Charles Morris,23,Egypt
3c4b1eec-6231-4e73-82c2-d2eb01bf9e73,Derek Rivera,52,Myanmar
42f525b9-02ed-43ce-92a8-1713b90ed44b,Melissa Brown,31,British Indian Ocean Territory (Chagos Archipelago)
67c96204-28e3-43b6-8e8a-dc4b77242041,Tammy Barron,53,Sierra Leone
a38295d3-1e0e-4546-b0b6-dedf4f9c4027,Elizabeth Mendez,54,Cyprus
27372b52-7a6a-4107-a231-9050f5159494,William Brooks,18,Reunion
c1e1b94a-7888-4058-a9ad-0e9b8c9aa1e9,Mary Robinson,55,Egypt
df85c777-9887-4bfe-8136-9c65ae2ae341,Kelly Rice,21,Guyana
1cb9b73a-906d-4c8c-aad0-8c8913fe8a29,Joshua Wagner,42,Montserrat
53ff8461-2a1f-4b61-a65c-b9d989628f6e,Jessica Frazier,58,Saint Barthelemy
e61d9cde-1747-4387-bd23-d47995492a82,Rhonda Chavez,53,Malaysia
0ec7d662-905c-4bdd-b4f0-beae6a5943ce,Megan Parker,52,Angola
00c59f30-d103-4424-8124-1bb4655ce508,Laura Williams,49,Guatemala
fe7ee362-8a89-40f0-9052-91d3b34c6c73,Steven Andersen,36,Latvia
2e13418d-68ab-40ea-897e-c6d1081fc6dc,Pamela Good,32,Oman
fe2bd987-5fdc-4bbf-ab9c-d71cf6ba745b,Joan Stark,29,Honduras
f6d22a7b-aec7-4a82-948b-4376602a4e57,Kimberly Valdez,58,Guernsey
8989c5ab-fe2b-44d8-adb0-728d1e5ebe54,Cameron Irwin,36,Syrian Arab Republic
fa7e5d94-05d1-4b63-8194-f97f00e3a026,Michael Stephens,31,Martinique
3f5cf2f3-3acb-43a3-92c7-bffb6118433b,Christopher Lopez,32,Turkey
083f64c3-1ce3-42f8-83f7-25feb99b2b5a,Jennifer Miranda,41,Turks and Caicos Islands
34c1c3ea-3d9c-4e64-8401-5cede39836bb,Kirk Griffin,24,Peru
3ea6e5b2-0c76-4d28-9f49-5037b40a9181,Jennifer Young,58,Cuba
0e731dd7-c6ac-4b04-9d1d-6cd1c11f6bf5,Wyatt Young,57,United States Virgin Islands
93d563ae-51a3-4c26-937b-f79bbb44badc,Megan Flores,35,Gabon
a903ae67-fc56-4b53-a4ac-b722e0527739,Jennifer Hill,45,Moldova
bc36dc59-e134-4dfc-9777-7f10f2d2393f,Lori Simmons,36,Lithuania
f10bce9c-582b-41ee-b8e8-035b0c00988a,Jane Warren,20,Qatar
4cc57e0d-2633-4018-a883-ac6e6a944054,Paul Wells,16,Thailand
b523c0de-db87-429c-8cfd-0fc139b02e2a,Joel Brown,45,Isle of Man
87ad8b26-8eaa-4841-aaa0-426df7c0d5f7,David Harris,55,Oman
d8ddbbc0-7325-4aa3-ac17-0298143df5b3,Joseph Calderon,52,Austria
9adf4709-ac75-4344-a08e-149e44b9e602,Shelly Lopez,22,Senegal
8f10d33e-abe4-4e7d-b96c-1163966be275,Daniel Meadows,20,Gabon
363908bf-03ec-48ff-a8b3-d763f4ff3f3a,Tonya Wilson,50,Saudi Arabia
b2149062-3e1a-463e-aa18-d32c7a9a8ef5,Christine Herman,29,Micronesia
61730c48-4876-4153-8688-13fe52555c75,Matthew Parker,48,Guyana
774c0afa-7f4d-408c-a1ff-f6c08347f1da,William Harrison,32,Taiwan
5ee68495-3400-49c3-aa11-905b51facefa,Angel Shields,24,Saint Vincent and the Grenadines
8da5d39b-42c2-4797-8426-fcc9255b30e2,Lauren Butler,38,Cape Verde
613d2de9-3ae2-4023-9472-0d2d32399ffb,Danielle Pierce,20,Western Sahara
c36b9a0a-41e0-4a89-966a-9ce7af521b94,Tracy May,31,Liechtenstein
cb8383f2-bb96-4602-ab11-5c3675f8e3a8,Charles Payne,39,Colombia
fd85d7fa-8ac9-4b01-a3ad-64d4eab9eb02,Amy Johnson,34,Tanzania
ab102c9b-d168-4e09-b1f7-d90413075157,Aaron Taylor,26,Norfolk Island
26a9e100-b509-409b-9166-58ce3b3f3800,Jonathan Brooks,44,Niger
9dd43675-ef14-4064-aab0-7015a3422e50,Mary Smith,50,Martinique
04482a22-0308-4a5e-a94d-7b008d388327,Denise Madden,35,Andorra
ac8d6c7d-b2a6-4468-902b-124380913ac1,Todd White,55,Uruguay
3db02235-261e-4555-863e-1f2a18a806ef,Joseph Ochoa,57,Ethiopia
5f804eeb-143a-4aff-a59b-0105cb80f288,Judy Sanchez,49,Qatar
d3fbe043-af1d-4a1a-8ccb-235539d1c7ff,Martha Garrison,16,Senegal
61177270-67c0-418b-97ef-a621081c79d4,John Walsh,58,Reunion
d867888b-7ff6-4824-952a-eaec2bdfcb41,Richard Knight,51,Togo
873570a2-e511-4961-9869-a217f94d8fcb,Crystal Valenzuela,35,Puerto Rico
45667c48-79ba-430a-9118-c400e336c243,Benjamin Frost,58,United Arab Emirates
086c405f-a879-48f8-9042-2eb78b040f53,Samuel Smith,22,Cote d'Ivoire
d218c9d6-c093-4fb0-a4e9-bcfd9647ff9f,Jennifer Jones,24,Central African Republic
d5aba8ae-9112-4bc0-bd8f-95f4905f9096,Megan Fernandez,32,Hungary
ca5e151b-23d3-4d4c-bd5f-f093c16f9bcc,Misty Mason DVM,23,Austria
d6b361e4-3b6d-4a0d-afe5-040b1901ef87,Larry Austin,22,Nepal
538d6b8c-c607-41e9-b80b-2cea658e54a2,Donald Riddle,51,Liechtenstein
f0eebcce-8d93-414a-9b16-71583a67470c,Cody Willis,25,Hong Kong
4b9dfd58-9e5d-4c7a-85ac-c35415f00cb4,Michelle Miller,33,Cape Verde
a247541d-c8ad-4899-b630-794d6147adeb,James Ward,34,Bermuda
71da35b9-4eea-4db8-b165-d77901547950,Derrick Anderson,54,Colombia
8e0370cf-8e96-4227-b2e7-6b516e54ac6d,Ashley Davis,29,Micronesia
c8d0f9e5-9919-45ea-98d0-0c2c17d30f32,James Carter,37,Iceland
e6b0da0a-b98f-4dbe-95ae-de0fc777a07f,Wendy Sanchez,29,Mali
2b64777c-6177-4771-af70-de702b69c95e,Eric Snyder,59,Bahrain
6bcd5ce7-46a5-4fe8-af46-f1b12ace1aa9,Richard Ward,56,Western Sahara
7eece88d-a002-452a-b88c-ddde3f2086c2,Christina Rodriguez,32,Gabon
550c2fe9-654c-41d9-b2e6-182801bb819c,Jamie Atkins,48,Kazakhstan
d2d33488-d0c3-4018-ae3c-dd4f55b145e4,Valerie Taylor,47,Gibraltar
336b00cb-b1fe-4d13-b280-df1d9a6c0db9,Christopher Sanders,32,Ghana
a205e54f-b1e8-409d-bc20-b9f24a9c589e,Kenneth Sanchez MD,19,Svalbard & Jan Mayen Islands
1d27c09a-5d71-4898-a497-6593c92e8c93,Christina Osborn,21,Cocos (Keeling) Islands
06e3f949-8cd3-4c62-8482-9b71ae84b81c,Julia Erickson,56,Kazakhstan
b15da72d-d4ce-427c-8a94-ae9fcc351e4f,Ryan Pope,43,Peru
4d8670bd-a222-4f96-a3a1-3e207fd255ee,Matthew Espinoza,33,Somalia
fd9e8e20-72f6-4958-92ef-61016082786f,Lauren Ferguson,18,Uzbekistan
6b15c11b-b113-450b-9ea0-50c6eb9ed274,Rachel Ward,16,Ukraine
a35fc9c1-9804-4562-8972-abbdcff2b1c4,Ashley Wright,37,Papua New Guinea
9cd8758b-a5a1-4825-aa95-28c35ae1dbad,William Byrd,24,Iran
f73936e9-54e3-4579-80af-d193f780ef2f,Ashley Garcia,56,Cyprus
8ed8a80d-84cf-4e39-bf31-c29f82bbad84,Laura Griffin,32,India
96add4df-adf7-4924-85b8-386b768b4f7e,Brittany Cuevas,26,Liberia
eba900e1-6a7d-4d96-8ba1-72331ac3bf31,Audrey Shepard,44,Cambodia
7490adeb-57d3-47d3-8fd8-0bbb592c1107,Kelly Bailey,51,Bhutan
73d39457-b25f-43df-b8d4-9848702ba49f,Eric Patrick,43,Brazil
a5e15b55-57d3-44dd-9963-dc7205c8234b,Robert Spears,51,Saint Vincent and the Grenadines
8d49fe3f-2ca8-4783-8418-2d353e711433,Justin Mullen,16,Djibouti
2f383b43-a137-48e4-a7b1-3040cc39b925,Matthew Foster,23,Saint Pierre and Miquelon
7317591a-3283-4aa4-a212-ab7c9d361cb6,Jasmine Bush,20,Costa Rica
cf08ea54-b429-4924-8098-675047419b48,Laura Lloyd,60,Mauritania
327375bf-5373-4f4d-9da4-9cb92fdc9992,Dennis Huffman,25,Marshall Islands
98d3148b-503b-4078-a39c-9ec6f7464c02,James Wilson,50,Guinea
2c2ac34b-9e0b-4b01-b536-59efd873dad9,Michele Evans,18,Nicaragua
224a66a6-ac0f-4801-95b2-4e1d97154633,David Wilson,39,Holy See (Vatican City State)
63725424-82c5-4b21-a430-12dab1850eb8,Chad Reyes,53,Colombia
b184d1fc-8991-401a-a2b0-3c4b7c966b55,Tara Thompson,51,Chad
2fe5b140-23ea-4956-89f1-137d7d592e19,Jerry Brown,25,Guinea-Bissau
22f3f068-7c0f-449d-8274-0f73f3abea0d,James Hoffman,43,Palau
7de1bf5d-af48-47f0-a8bd-075b7eb6581e,Ryan Burns,24,Belize
c2d49b56-cbbe-4980-87e6-7cb090bde900,Andrew Walker,18,France
90ce77e9-7513-43b9-87de-96ea2b0fbe44,Pamela Dunn,35,Bouvet Island (Bouvetoya)
c66dceb3-4494-4e09-9d3c-a5a4929d6377,Wendy Weaver,39,Saudi Arabia
70fd6672-b80f-46c5-828f-a16b0aa6fcb9,Wanda Garcia,18,Switzerland
4c36a70c-3f5e-4b8c-8058-2da5a757075b,Amanda Baker,38,Tokelau
dd83ad03-7066-4289-9644-84a0d1151fff,Patricia Young PhD,29,Namibia
b5f3f8aa-dc6d-4fff-99c2-f153b06b0f0c,Jessica Jensen,59,Slovenia
ce315937-34fa-42b6-9043-7e4c34e50699,Gregory Campbell,31,Mauritania
b43cde0a-fa9f-410e-92da-f6812b1ac76c,Kenneth Farley,58,Malaysia
d0afb235-ade6-4f51-a670-93a0fc48f615,Victor Floyd,22,Uruguay
ddf6d4ac-46fe-4cd4-be13-93cd0f2d5c15,Meredith Anderson,38,Cameroon
3f5fbf4f-d417-4230-9274-ee11b61df906,Megan Burns,51,Morocco
6a0aa7d5-a0b8-4755-84ca-a5a2a1e518a2,Bernard Norton,42,Seychelles
bff30c8d-83ff-4e96-a721-3a7017d50f59,Timothy Wood,55,Zambia
00a21367-94fb-49f0-93c9-3ae77cf07bb3,Sarah Davis,25,Kuwait
5bb47c18-b281-47c4-aa05-5442a284e8fd,Rebecca Sanders,31,Japan
44bed486-7ea5-4387-b63b-e5cbd3293724,Drew Kelley,26,Bulgaria
c9ce44bd-7c3f-4add-9a38-5db590eeb067,Michael Williams,27,Bolivia
75a72686-d632-4d31-88ac-ffcfa04d4d14,Timothy Moore,42,Korea
6d84414d-f541-41ea-bde9-1c42002c4c22,Michael Anderson,17,Pakistan
eec71a30-dfda-45b2-a8b2-bf214d470ed6,Anna Ward,27,Belize
a61f0b96-e75f-445a-aa1d-3fc65f31273d,James Torres,37,Reunion
a7cde143-6de2-4429-bbf0-d9c1c156e501,Brandon Lewis,42,Belarus
84fa4c72-39e7-44f1-97fb-613a21f89d06,Alexandra Dominguez,58,Svalbard & Jan Mayen Islands
6c1cc405-dc3f-42e0-bcf7-b8421edf3bfa,Karen Perez,31,Benin
1a6b6a7d-1a38-4ad6-8e53-2ffdbb134f02,Stanley Taylor,33,Singapore
2215df00-dfdf-4e05-80ce-f31bd038e153,Megan Jones,26,Mongolia
2a038ad4-a667-4982-9c3d-e1b0022b6683,Nathan Fuller,60,Canada
afc2ccfc-9db7-484b-a965-d1d1eb7e2e64,Daniel Mosley,22,Burundi
bae1e137-96ee-40e5-9f87-3b46c0a0473a,Victor Edwards,40,Burundi
159152f2-a505-4a9c-86e7-5a2c3f6eed9d,Kyle Griffith,18,Finland
06ddf6ca-b0c3-4a59-b0f7-ad22c76a8e0f,Mary Turner,46,Maldives
bf72ae52-304b-4370-8270-12389b5f8f39,Matthew Bowers,30,South Africa
62c965b2-7eb0-462a-bd45-74ebf4655a21,Jonathan Wheeler,28,Marshall Islands
fca45567-0316-42d6-ba4a-58efe3837348,Eugene Hughes,45,Taiwan
8bde005b-5d8b-4bd7-abbd-b66f91816091,Pamela Best,38,Sierra Leone
1149d096-965d-444f-8445-c1a812af97e4,Daniel Livingston,35,Yemen
495743a2-81b1-4b80-a5e1-b0f5ca0ee8c4,Kathryn Perry,30,Reunion
895c4fde-a3fa-4069-9519-fd3866fba71d,Brittany Miller,30,Belgium
f96c9a0a-3404-402a-abc1-bb5282e4dd4a,Kimberly Myers,17,North Macedonia
ae59aa52-a65b-422b-95a3-86d9c362a810,Emily Kim,58,Zimbabwe
3e9639ba-0ed2-4c9d-bd17-5712d8b22277,Jeffrey Chavez,28,New Caledonia
bddfa03a-aa84-40f8-8f2d-a2330e165b12,Casey Smith,41,Burundi
7f14eafa-29f0-4f7c-82e7-df89b3957a98,Kelly Logan,37,Saint Helena
207e863f-5f32-45d8-aabe-1585425e0259,Shelley Quinn,33,British Indian Ocean Territory (Chagos Archipelago)
55c34853-0783-443c-a65f-ad87c57c7498,Denise Brown,20,Rwanda
13badc91-a0a5-4de6-939f-71a2f99cea5c,Jorge Brown PhD,33,Chad
c5f8e2f8-414f-4994-a845-77805e20c957,Kenneth Sharp,38,Denmark
0b461173-00a8-4473-8242-5912bda3c162,Alexandria Williams,57,Haiti
2dd0622e-266b-42ea-ab93-f78c620af158,Shannon Tran,48,United States Minor Outlying Islands
6b5bc975-a7dc-4bc0-bd9c-4693b6ca1127,David Moon,41,Ghana
92502e59-13f0-4822-9374-8a1145712959,Jonathan Winters,59,Christmas Island
fb3df063-8409-45ea-8de9-18b33922a7e4,James Wiley,50,Tonga
4f89e3b2-d847-4c53-8605-e58a48454343,Juan Smith,37,Cook Islands
4dcd0009-c8d5-4717-9055-a36f4aa5f9d3,Dana Richardson,17,Lithuania
3207343e-c6a0-4656-85c9-fb91ff6ef9ed,Kimberly Flynn,23,Canada
061efb95-68f8-4063-aeb1-9ad201a1fb0f,Gregory Franco,32,Turkey
005fd0e6-55c3-42db-b374-190d0274ce40,Jamie Rojas,27,Gambia
fbad793f-87a1-4c02-b487-9e411a9c672a,Johnathan Brown,53,Cambodia
0b3d0c36-17d0-4810-87a2-a10bb62edb49,Stephanie Meyer,32,Reunion
f97c6c3c-755d-414b-9f5b-a255e5449887,Lauren Wagner,18,Northern Mariana Islands
97867b12-1328-4726-a4f4-34d6d1e91691,Jessica Brandt,22,Dominica
50a46c85-d9d5-4b02-82d0-4d554aab47b2,Jenna Decker,54,Greece
3bcdf203-459e-4674-b3e7-f042516c3b0a,Dale Chan,43,Myanmar
2a147a96-1b0c-42eb-a7c8-fc6c1be5a4c3,Erik Martinez,38,Guinea-Bissau
73b0d676-3527-45c8-8534-ca08f6f24d1c,Derek Wilson,36,Cayman Islands
d38e13e4-4de1-487b-afa1-4a55cebeabaa,Lindsey Lewis,43,Togo
b60e695c-1759-4a96-a5f8-8c7453ea4919,Henry Palmer,54,Philippines
fd9cfbb0-d1f1-4485-829a-4a7c4c80d33a,Tristan Bond,48,Moldova
183fea70-3ff6-479e-8cd4-b90abf8211bc,Robert Taylor,23,American Samoa
fb8986c8-c7ec-4e71-9493-47fc0fc98d2e,Craig Morales,40,Poland
15839b99-a50a-43dc-b004-e897a15b2e18,Deanna Hess,52,Angola
e709fba6-329f-4417-9081-3d45ff45f8a2,Rhonda Davis,28,Tanzania
1f5df912-54e0-4431-8f13-3b65d450afa2,Joel Jackson,32,Montserrat
651ea252-b974-4cde-9259-f9606ee35607,James Simmons MD,18,United States of America
722dce13-47a4-4c42-8665-34972fe922aa,Amanda Harvey,43,Ecuador
69785221-7fb7-4c57-8b8c-031fa5b40983,Karen Miller,16,Hungary
a484e035-330f-4aa3-ab52-f93c2321e64e,Kelly Mccoy,49,Spain
fd498e20-04ff-4ab2-8b7b-0b3a8b2d158a,Micheal Castillo,50,Slovenia
90ce82e8-e9a5-4368-9812-9eb27c13f47a,Jasmine White,59,Ghana
e550d736-0780-4e71-b811-b51998dc9e0b,Diana Stokes,58,Latvia
95804c2a-c44f-44b8-9b80-b8d18788dfed,Dr. Ariel Sandoval MD,28,Suriname
0e500785-bcaf-4931-aad1-8464ca8e858c,Theresa Johnston,39,South Georgia and the South Sandwich Islands
d6d744fd-ef69-4980-9ad4-79ef636fa890,Carrie Young MD,43,Saint Pierre and Miquelon
9770a3db-e9fa-47e2-9bd9-3609b297a782,Michael Meza,20,Mongolia
303014d0-f2c8-4743-9027-e7702460d0d2,Rita Waller,58,Mauritius
09b7fdf7-7d8d-4ddd-acf1-49cb4f1e1a37,David Robinson,37,Malta
eafb3e90-54ec-44ce-802c-cb257a5d7c82,Renee Peterson,55,Christmas Island
de4379cb-d823-4076-8d6b-b03beb3537a0,Alex Willis,36,United States Virgin Islands
d8b2f8b6-1c65-4aa2-863c-e21d24435958,Holly Jones,58,Romania
96053035-6545-4030-a981-fa54f121e129,Eric Taylor,23,Cayman Islands
cab63107-6fd6-4b3a-b2dd-9456bb7b6c05,Katelyn Stewart,35,Russian Federation
e3bcd6f3-b18d-4c8c-8fdd-bebcf7ff88d4,Rachel Walker,48,Namibia
4e8bf78a-60dd-47f1-ace3-d822d08012b8,Elizabeth Thompson,35,Afghanistan
92a54d04-f2dd-41f5-b3b6-d344f2e3c6f0,Zachary Sanford,58,Antigua and Barbuda
ebc92914-5176-49d1-9a36-24d62e9ce8ff,Lisa Bowman,42,Bosnia and Herzegovina
54c7743b-2401-442a-bf05-fbf5efcac577,Cynthia Haas,36,Chad
16b6bf61-f68c-42e6-a2a4-5909a2dd22d5,Meagan Daniel,41,Grenada
35adde88-43e4-4668-82ea-d2df725656e3,Barry Scott,60,Botswana
62ccc604-0c53-444b-8053-f649b86d066b,Jason Jackson,34,Isle of Man
59ea4936-60f3-4ebc-a1bb-b8cd7e3a9f07,Ashley Mendoza,51,Tonga
afe9be90-c21c-4fb3-a6a5-f0ff93fb71d0,Jerry Lloyd,24,Antigua and Barbuda
42d943ee-5197-4e75-8523-d4fd4b7f2183,Angela Jackson,28,Honduras
8c0b393a-1333-4bc9-bb63-5ff529310971,Vanessa Morgan,42,Nicaragua
07ef2ba8-b45a-4ab3-bb94-a34de4aa786d,Matthew Lawson,58,Jordan
54c29d5c-19ec-4829-8db5-d4412837f418,Colton Terry,40,Saint Helena
43e8644b-8a45-4905-badf-9397ecf26429,Elizabeth Davis,59,India
7daec949-d700-4461-8cb6-b0ba925f8199,Isaac Patterson,27,French Polynesia
99a7b99b-a005-45e1-a97a-2846d2eaef18,Mr. Daniel Little,55,Belgium
4ef03f80-1d91-4e39-9801-4004793bed1b,Kaitlin Jacobson,52,Estonia
6334fa2a-8b4b-47e7-a451-5ae01754bf08,Stephen Wood,35,Kiribati
770e09db-7092-4401-8367-5d580b6c03c8,Russell Elliott,41,Canada
18c180d2-aadf-4692-b24b-eb96c0927b74,Gregg Weaver,51,Saudi Arabia
0f9ca17b-8db8-4adf-ba3e-46b096f84ff7,Sabrina Barnes,16,Mauritania
798e175f-efb5-4207-9dec-c40bafe3af13,Cynthia Evans,35,Indonesia
08e3f771-b6dc-4d05-9a9b-ccc1e71c681a,Stephanie Mcbride,34,Philippines
1ecacae9-25bf-413d-9eca-381bfb95d0fc,Joann Rush,29,Chad
31567f2a-cef7-4829-b63e-6ef4f8dfcc3a,Jay Mcneil,43,Jordan
a091e5b4-d293-4e6e-bf4d-093033b0fb53,Kurt Flores,53,Saint Lucia
16476e3f-1127-4207-8eae-1325ea074d80,James Nguyen,54,Falkland Islands (Malvinas)
df9b7c1f-eacb-4f6d-b549-c9f9850a48d4,Michael Matthews,57,Slovenia
264ef59d-6a18-45af-9cce-08e96b6a8061,Kevin Chang,36,Wallis and Futuna
900c0af7-1b0a-422e-acc8-17a619a6f80e,Rachel Dillon,45,Turkmenistan
439e754c-6930-46ea-a0bd-a1ee5807cf74,John Lynch,44,Argentina
24d38751-6729-4d3c-8681-8a882c154804,Melanie Morales,44,Indonesia
b0c58278-54dc-4ba5-a103-5e1ce3bb22ae,Patrick Mccall,59,Ukraine
d1403430-567e-442e-852d-fb9a5f584603,Emily Cameron,29,Togo
f8f58a26-1924-4644-af52-7666b23909f4,Brandy Mccann,48,Kenya
44f8b53c-5224-4d05-9369-2867c626e38f,Lisa Davis,46,Kenya
683c510e-d2ef-493b-a9d6-bb7e361db014,Olivia Camacho,26,Swaziland
28b26b1b-ca9f-4d59-83e8-b7000e63813e,Michael Powell,58,Slovakia (Slovak Republic)
9194821e-e11b-40d4-8637-9f04d9ee7dc9,Corey Whitaker,21,Taiwan
74d9d1f5-0877-4804-bfde-98140ec0ad4b,Isaac Gonzalez,34,Heard Island and McDonald Islands
659e0258-814f-4657-b6d7-0561d2d14ef5,Becky Johnson,48,Holy See (Vatican City State)
2d761ffa-7233-45af-9813-3da17d2120ad,Karen Arnold,58,Guatemala
42378962-e4fd-4c34-9670-7a2129dc073e,Melissa Mitchell,56,Hungary
927f8103-da94-48c0-a9b4-4cb10cb5ee5c,Cindy Walker,55,Czech Republic
a6ce6d7a-44e2-494b-b4ec-5264ad7d6f81,Alejandro Deleon,37,Seychelles
e959137f-795e-4f2b-8247-2360aea4a441,Christopher Owen,21,Czech Republic
f168c605-ce1a-4669-9bbc-6cbc409ca8f2,Walter Day,31,Jamaica
59450186-da01-4d29-a060-b1ebe53e5f4c,Daniel Turner,59,Mali
95a0f356-65ab-49ff-9fa4-a627d30608be,Jorge Bates,35,Tajikistan
a5b83693-8fbb-4749-9fcd-859ed6e18109,Diane Cohen,30,Liberia
46c79b36-fd05-4963-9616-af7e1057a002,Shannon Green,28,Rwanda
4c7d9313-a6c6-41b0-a472-9be5f3c2944a,Joseph Allen,25,Azerbaijan
cf5e0f0b-cd67-45df-9b79-04e0ce30a61d,Mary Becker,17,Saint Helena
ff5a229e-7f53-4344-a7c8-54e406843c86,Terry Sullivan,18,Saint Pierre and Miquelon
fea82e3a-b544-41cb-9541-0a9d090aaa93,Cheryl Barber,31,Cyprus
c8ef0377-a368-44f5-88dd-d880afb28b3d,Todd Howard,46,French Southern Territories
a8596f8c-d734-48fe-ab84-3ef3d86d655d,Catherine Davis,55,Brunei Darussalam
ceef9fa8-b9a5-44d0-8237-01f1bdacdc5e,Susan Arroyo,20,United Arab Emirates
38e59b27-16dc-4a6e-a789-077055ec024a,Patrick Parker,45,Solomon Islands
42b40281-5f26-4466-94d1-332ae3082ddc,Julie Wilson,42,Austria
948f664a-9565-457b-a267-d32fddcbf4bc,Andrea Preston,56,Macao
61b512ed-ae42-4568-9e14-553b1eac41d9,Jennifer Pitts,52,Canada
57b936b0-3346-4332-be0a-824e232a5e82,Keith Knox,28,Kuwait
b7360c4f-dcc5-4975-90fe-819924aa5685,Bobby Cook,60,Christmas Island
0134e76b-0ed9-4a95-a26e-865b503be788,Daniel Ayala,40,Morocco
c90394ea-7d54-4c82-a88f-3435c3b534db,Anita Mendez,47,North Macedonia
f71fb9a6-6dd4-4c96-a744-cb9e6dedcba5,Aaron Ferguson,41,Saint Martin
e45a87e8-039a-4ed5-b337-b2615f8392d5,Roy Lee,31,Philippines
3fb2df47-bbcd-4c18-a06e-8de5010e4265,Shawn Collins,25,Bosnia and Herzegovina
4e5d8f12-96b3-4f4a-80da-a8ca62305d27,Rodney Evans,57,French Guiana
98abb2e7-8531-4f0f-ba53-312274b79620,Jessica Mcdaniel,60,Burkina Faso
7d7c59a5-e6c1-4650-bf02-f5b057bd56c9,Colin Vaughan,16,Uruguay
3a799efa-04e5-4bd5-a744-acd4cfdfc6f9,William Clark,22,Angola
1f878b32-2b42-4596-812f-aa3896f61c09,Matthew Johnson,43,Turkey
88e44a48-c570-4e30-817b-6634a3ec152c,Linda Williams,30,Botswana
0c5921f8-050d-4bfe-960b-f603a750350e,Jennifer James,27,Mexico
27335670-b3ad-42ba-b972-09c040b374f8,Michael Smith,60,Italy
8532fc74-a998-4bdf-99d9-d0b5a962d996,Larry Taylor,49,Switzerland
b8011026-82f7-4861-9adb-a8cfe60c1638,Diane Glover,45,Luxembourg
c72850c1-3322-468b-9be7-8aec32da81f0,Joseph Harris,19,Romania
0a167e18-290e-4e89-8b9c-22f468e5c8cd,Susan Watts,51,Liberia
03438b64-00b3-400f-bc08-899054a27051,Susan Conley,31,Paraguay
170fa87b-f30e-44fe-a62e-55597e7d9a19,Angela Cummings,23,United Kingdom
74eda60e-3b2d-420b-a4f3-418541822509,Elizabeth Marshall MD,45,China
4a629c5e-da2c-4852-8a19-0939dfc7ab26,Michael Simmons,24,Brazil
e3ea2d7f-c219-4845-99eb-404c1851d1cf,Samuel Alvarado,45,Chile
700e0efc-e4ff-431a-9b86-ea6954231dbe,Debra Quinn,58,Holy See (Vatican City State)
1d24181c-2ed0-47d4-97bc-ad3ad0a17fe8,Victor Nelson,49,Hungary
ccc62fed-7a6e-43d0-99c5-9cd9b09d721b,Stephen Jackson,51,Bulgaria
fb481ded-0f03-4337-b9f6-143bb2383056,Caitlin Perry,54,Nauru
adab2c2f-91a6-46da-8d61-39887b90942f,Logan Maxwell,36,New Zealand
e1446b45-af39-4a9d-9cd1-c4130760801f,Valerie Anderson,44,Uruguay
6949ece5-e339-4b1a-9ce9-78717cf59d5f,Arthur Pena,55,American Samoa
865a7766-ad8c-4fea-9e4b-061eb45e9463,Laura Cunningham,48,Zimbabwe
84e3b774-569a-4ef0-9f86-5633ab7aeb66,Mercedes Davis,43,Panama
588309de-7b5f-4e41-bfa2-bde0ba05dd0f,Margaret Hernandez,51,Sweden
9ce7eed1-fcdf-4961-a45e-2ad08eefa5dd,Mason Moore,44,Thailand
de9205ea-7eef-49ab-9a14-3a47782351d9,Paul Flores,26,Greenland
81c61eeb-0ce3-48c8-8735-4e4ff85b6d0a,Mason Powell,46,Dominica
cd1f75a3-71b6-4ca1-b587-3920142e3df0,Anita Jimenez,44,Germany
bec7fb11-7f53-4c0a-bb0d-3cda1e639261,Ashley Gutierrez,32,Moldova
1744ee3f-d36e-41bd-800b-1f5e8c91bd13,Tracey Walsh,31,Tuvalu
a7939a2e-34f4-4404-8ff5-070182226c16,Tiffany Cox,56,Austria
74577d47-d825-4010-b911-2943d10bf4dc,Randall Greene,33,Saint Barthelemy
73d92ace-b746-4b72-9d00-df1ba83c1c2b,Peter Walker,49,Guam
f6e5203c-a237-4e6f-9473-45345aea6352,Kimberly Brooks,47,Botswana
7e0f60b2-2a06-4609-a599-bd3c0bb81d38,Mitchell Griffith,56,Botswana
3002d831-3227-48d8-9c60-c81b41191aa7,Samuel Lewis,31,Sweden
5682d038-b77f-49b9-b0c9-c51fc80b2af7,Jason House,33,Taiwan
c5ab4e57-1f8b-4af1-96bc-532dac117bab,Judith Lawrence,44,Madagascar
011c4544-7fb3-4be5-b6bf-2f7222778161,Amber Mcconnell,20,Taiwan
82221ad3-eca3-41d4-bba1-6dd795ca788d,Susan Holt,34,China
1a82833c-20dd-40ff-90b3-d752bb01b2a5,Kyle Andrade,31,Madagascar
fac08fc4-6b2d-4ccc-a279-403ce1a2cfe7,Melissa Wright,33,Indonesia
4b4ef503-f872-4413-97c5-982cf6ae10e8,Casey Gutierrez,37,Reunion
4c859233-8325-4d9e-bf98-e734e2ed8686,Kimberly Edwards,36,Saint Pierre and Miquelon
37a3c30a-a1f0-4a7a-8db7-8572ef7db821,Marcus Roberts,50,Guatemala
fb38cd91-21f6-463d-ac20-af11ebd33927,Vanessa Thompson,21,Mauritius
b5d9ad36-5287-464d-a30a-6658b1be6df2,Harold Castillo,24,Montserrat
6adfd568-b5ca-4993-aaca-d101f1530f68,Stephanie Ferguson,25,Turkey
0344edb3-ceed-4ffc-ac21-835dd8e8b97c,Allison Thomas,30,Paraguay
c00c200c-4458-4006-b32c-ce0a0e7da698,Victoria Vega,40,Cameroon
c8cba592-b0ca-42eb-8fe1-621ad6e1ba00,Paul Johnson,60,Suriname
de3790fb-9db9-4eee-9a3c-213173dd3bc6,Kristina Walker,25,Oman
82cbcdc7-3cd3-4e99-a38e-13888faf6d4a,Rebecca Roberts,29,Papua New Guinea
6336c815-61af-463c-ad2e-1bcd0c06df90,Richard Jennings,20,Micronesia
4057e470-be61-47a8-8351-b09d0dc5fb06,Sean Dalton,42,Kenya
a23ff67d-e957-4bc2-b9bd-8bd6d479cc36,Maria Fischer,42,Mayotte
c6b18d94-324b-4c3d-9a77-91a2bd0b0fa2,Cheryl Cole,37,Pitcairn Islands
2c7dd667-f664-4720-afdd-b26a13106665,Barbara Williams,50,Fiji
2932a211-214c-4a4d-83a5-34d28e7d3f5a,Dawn Rivera,45,Russian Federation
27591ad4-0a39-4bf7-a7a1-58a0efffa2f4,Linda Ayala,42,Niue
4d187b75-a971-431f-97d8-05949d9887bc,Kenneth Howard DDS,19,Ghana
2f120b9e-f4fd-45b7-b84f-6e3b86804a8a,Rachel Moore,29,Mayotte
597278c5-1789-4e63-a746-5743897b303d,Daniel Rivera,42,Guyana
c0ae0b1a-f347-4736-b7ec-07a64b27b079,Karen Hoffman,40,Sao Tome and Principe
1d5e6aee-0240-459a-a638-8854fb2b8b80,Jill Conway,53,Nicaragua
f57a431e-3e6b-44fd-9f02-7cbfeb29d912,Stephen James,60,South Africa
41afeb2a-62c8-43f4-9d06-149ef1eab64a,Diane Pruitt,17,Swaziland
cd8565ce-83a9-4235-9ffd-4015c53f1db3,Katelyn Phillips,52,Pakistan
15149755-838e-4a61-9200-044b31487df8,Carol Huber,40,Mauritania
10c2c2e5-a07e-4fb1-81e0-6ad888802d4d,Mark Lewis,46,Poland
34a0dcd4-1a9a-429e-95ee-25876c98fd9b,Michele Cherry,16,Singapore
f0938776-d116-4014-a585-08286f6bbdf3,Michael Johnson,38,Saint Barthelemy
12c0620c-1667-4518-89b2-eae654eb4c91,Robert Grant,35,Morocco
4236c0bf-e936-4a85-ba46-fbe3d255a4de,Jerry Sullivan,40,Germany
1e494952-ac5d-4e57-a3b6-64f40452f779,Margaret Montgomery,42,Saudi Arabia
b36d0121-0ba6-4e09-95ea-6825bef6a59a,Heather Shaw,50,French Guiana
9b47e639-4d25-41eb-af95-be79c971bf51,Preston Kim,50,Indonesia
795741bb-07e3-439a-a925-2745d2769c96,Daniel Francis,54,South Africa
4b83b570-8bb4-495a-9976-b2bacc27f386,Brianna Byrd,30,United States Virgin Islands
bab503fb-ddfc-41d5-8b86-3deaf7222fbe,Tina Smith,47,Tunisia
0ab1a504-1f8c-46e0-a431-13fd8e190d07,Kyle Medina,30,Yemen
bf905d6a-35c6-46b5-8e00-3d5515cadfaf,Molly Lewis,33,United Kingdom
2477f047-8336-4758-99f9-3502a55bc44f,Daniel Davenport,43,Congo
ccb68571-abc5-4545-ae6d-7a041d57e734,Amy Potter,47,Mexico
12b99a50-8cb6-41f0-a509-6396761579e7,Austin Garcia,17,Saint Kitts and Nevis
54b2a582-f398-4e9e-bcb8-82a094a1eab0,Michael Young,40,Finland
31891f48-e66e-4c11-91de-febf9e98961d,Jerry Jensen,37,Gambia
90c80420-2703-4b27-958c-2936b18678ce,Rhonda Benjamin,58,Chile
c921057c-3f05-457c-902e-d818013ca998,Patrick Graham,59,Tajikistan
bba41ae0-adf8-4767-a261-ddef5c074653,John Griffin,41,Singapore
1bdc74a9-8d3a-4d76-bcaa-281b4e336644,Lawrence Wilkinson,26,Togo
89e2df24-e42c-4aea-a3d7-263dd391d017,Nicholas Sims,45,Saint Lucia
d97e8d3c-04c4-446a-a461-0160134d695a,Amanda Perkins,24,Iraq
e80382eb-3677-4be4-970c-9eb4c4ea4ece,Dean Shannon,55,Mauritius
260ccfb4-c673-4380-a766-861778dbcde3,Daniel Barton,50,Saint Martin
76f6a778-2246-4ac9-8a7e-ebc2db6f1c33,Ann Cox,17,Algeria
f6c8b8b9-d915-4664-bd27-4ad5a9a54c24,Lisa Martin,41,Malaysia
2ddc756b-28c2-4ce9-b23b-80d423ef5561,Krystal Brennan,53,Cameroon
f06dca24-7bc6-4121-bb64-a525bc653d94,Daniel Freeman,52,Bahrain
0af57e60-3be8-45df-9e93-4de043ace875,Kelly Moody,58,Iceland
e1ad640c-7463-435e-aafb-9f20783c91eb,William Nguyen,17,Romania
d463c183-a231-4211-8578-b1c6f7ebc69a,Patrick Lane,21,Montenegro
60e696ff-a757-43f9-a06c-c2f52c816bf0,Matthew Houston,57,Maldives
e8410a39-f901-4b9c-a057-153a4067f790,Jared Roth,43,Guatemala
e31db345-7b6b-411e-8aeb-99597ca2f582,Kathryn Taylor,24,Chad
a4bae8bf-83b8-4a05-93bc-0dc63ae0acdb,Chris Moore,45,Netherlands
a93e7b5b-1e4a-43a7-9123-f7c1b7a1267e,Robert Cortez,27,Liberia
35f0b1be-7aa1-419a-ba93-98bbacdbd5f2,Maria Jenkins,19,Ecuador
97a418b8-92d0-4319-a0bd-14220b0b81de,Mark Williams,32,Montserrat
421d4dca-2a95-4908-8e50-3fd82598f383,Kellie Sullivan,40,Mongolia
b8344070-e0e5-46e5-84c4-4853a33b3dfd,Samantha Valentine,36,Cuba
78ae8d5d-fe26-4e77-9b45-47e072fefdc2,Carolyn Greer,29,Netherlands Antilles
d209383b-9528-4c0a-8b6b-f5622488c84d,Lisa Dixon,45,Chad
ec1f41ce-57b9-4dfb-af82-e70cb9644e4f,Kevin Hall,36,Hungary
33cd1d56-043d-42db-9bcb-404c21d8b96a,Susan Cohen,37,Sweden
2d6b8a4e-18a7-4609-9b02-c5352649a478,Lucas Williams,40,Slovenia
1e158e2f-c09c-4ebe-80da-2ed7880bcb0e,Matthew Winters,33,Mauritius
f00f63ef-e59f-41c2-804e-a81ad3d877a8,Marie Boyd,42,Heard Island and McDonald Islands
87a20e22-b298-4811-8b1e-c578dff47c51,Todd Olson,32,Seychelles
cdfba4e9-96cb-4afb-99bb-89006198b718,Pam Horton,21,Bolivia
7a25ed81-4128-47eb-a246-29cd6cecdf82,Susan Miller,46,Netherlands Antilles
41ff81d1-689d-4205-8b31-f4d8e073c1d0,Michael Clarke,17,Morocco
01d77831-850f-4cdc-9e2a-03f185c53910,Daniel Brock,50,Ireland
6d130705-279f-41ab-9b49-09b65cbdb682,Dawn Wyatt,19,Jamaica
468b22af-9ca4-464d-9d9a-d9f1908e3a95,Jennifer Harris DDS,38,Moldova
8f20c5e7-5ec6-46eb-adc0-91587b8301cf,Dawn Parker,30,Guatemala
bc5c3cd8-65eb-44dc-b49b-4b72c6319c16,Scott Wilson,57,Denmark
f301bb6c-b306-4300-8879-d93272540ab7,Daniel Morales,20,Guadeloupe
b2725aa7-9d30-442e-8cf2-9000cd04c001,Amy Price,57,North Macedonia
d2c0dec2-1751-44d7-8deb-2696015aba1d,Timothy Graham,18,Bahrain
147d7bfc-5eef-4d1e-b8c5-ef5e4359ff43,Misty Arias,17,Iran
49560c36-8560-4e8a-a7fb-19979d2cd944,Linda Bautista,31,Svalbard & Jan Mayen Islands
706078eb-7e8e-4d12-a3ea-21a22cde9187,Samuel Galvan,28,Maldives
c8b190e1-089a-4f4f-b1da-e8174937b90f,Kelli Hall,17,Chile
3d3fec1b-5c17-4bb5-893b-4d72ac8cdcaf,Vanessa Miller,55,Falkland Islands (Malvinas)
ab6ef8dd-5a66-4316-a641-4954c798a445,Kevin Holmes,25,Saint Pierre and Miquelon
17151c03-eb4f-4638-9190-e515b4209103,Molly Hansen,31,Myanmar
d0c59550-f69a-4539-98f4-2098591cc524,Larry Lee,24,Venezuela
42d7f112-0130-466b-932d-16486769b0f1,Jonathan Hansen,46,Macao
1df44d3e-f26f-4b19-9708-013e4b541670,Tina Walter,58,Suriname
b1b68ecd-4009-45ce-932c-3ec9cb1b8eff,James Webb,23,Ecuador
c68da4b2-f613-4da0-96f4-01e5c1e9c4fa,Joe Matthews,52,Antarctica (the territory South of 60 deg S)
114b3c79-4200-49f5-9dc3-c26e7b62659e,Richard Robinson,29,Reunion
6994bf84-50d3-4a03-8cd7-608f3adcb38c,Kelli Smith,45,Syrian Arab Republic
17cf775f-498b-4f67-bf8d-cf96436ae2bb,Paul Peterson,60,Micronesia
5059f77b-79ff-49d9-adb1-3debee6ffbea,Steven Adams,32,Yemen
e8f10194-ee25-456a-aee0-1ec9bf0418a9,Omar Young,39,Dominican Republic
3aad5840-34ef-41df-83f1-9b58df6c0d60,David Montgomery,26,Cape Verde
eb91731a-1eb0-4b4a-9b4f-fd5fc7688339,Tyler Vasquez,54,Albania
f53f091e-8a9e-4964-9b6a-34eac3a58237,John Oliver,54,Lithuania
e5a1c6e4-e188-4146-bc40-a3d4e5eb4549,Denise White,23,Serbia
65db6e43-47bf-4db7-82d9-a774ea7f6c7d,Kenneth Brown,26,South Georgia and the South Sandwich Islands
8a6fc4b3-f08d-412e-ba73-2f356c5540f0,Gregory Dalton,35,Singapore
1ed072e9-f9fc-4034-b50a-cc982cbfb769,Julia Norris,22,American Samoa
94bcf47a-6122-4189-b5f3-de4aac9204b4,Isaiah Hensley,53,Colombia
44f7f01a-3cb5-46d7-834a-130e8c6ea6ad,Louis Diaz,17,Luxembourg
b361e70a-6b49-4cc6-b5e5-74e06c878546,Holly Morales,35,Korea
fab1996a-2192-4613-9247-e8512e0d3860,Crystal Garcia,52,Faroe Islands
6ea5e341-8e2a-43ff-bc5d-ba42cdd8af09,Christina Marsh,59,Saint Vincent and the Grenadines
027e789c-ce40-483b-b915-ad7e2648c819,Jonathan Cowan,40,Thailand
b876a455-88b3-452d-845a-91b8a1726883,John King,41,Togo
19566990-65fd-4adb-8c36-ad4e915d9a63,Amy Cervantes,28,Lebanon
7329af6e-18a7-4d94-a13e-a66dd6c6d997,Debbie Ward,20,Moldova
581993cc-41f9-494a-8f5d-337fee8d5daa,Bryan Dillon,53,New Caledonia
a65d958e-936d-41a8-93ac-b00e32eeeb38,Carrie Deleon,60,Guinea
7ccc63de-82ac-4e1d-ac56-5da653391df4,Jillian Miller,56,Nicaragua
f4e35f7b-a1b7-43d8-b6b8-74d349599bed,Christopher Morton,31,Guadeloupe
9256d707-9cc0-4b67-a19b-224a6bfc2a47,Terry Miller,22,Guam
a72bdddd-511e-4eb8-9040-5c433a6c7da6,Derek Newman,60,Faroe Islands
dce0e2bb-c7ed-4a02-b1e4-dc42e33fc52c,Nicole Meyer,35,Korea
daada0b1-2f13-4a6d-aad5-5c0b69fb2fe6,Nicholas Stanley,59,Wallis and Futuna
147f1f67-bfee-419d-b360-dfaabe6e9d47,James Davis,54,Vietnam
0dc78104-8c66-4766-b922-b440e0f1e44c,James Hubbard,23,Belize
27c00f89-9e3b-41b3-8330-125c1a9b0d42,Timothy Price,52,Denmark
7172f636-48bf-4602-bcd2-e8eb3f5560cd,Bonnie Roberson,18,Antarctica (the territory South of 60 deg S)
dc412176-5b59-428e-a9de-5b2608ffeab0,Sharon Mcdonald,38,Trinidad and Tobago
8c6d768e-45bc-43ba-af52-d36e8a63b93c,Wayne Wolfe,50,Christmas Island
a18c5492-74e0-479a-98fb-47279740b212,Sherry Graham,43,Northern Mariana Islands
e8af301f-4f45-46f7-88a6-13b4a3b81f92,Joshua Ballard,58,Kenya
4282b6e4-6986-405a-9da3-f9cf4ed0730d,Adam Mills,39,Senegal
49694032-5808-4790-a2e4-9628d913057d,Adam Weeks,20,Yemen
02568389-4cb3-4663-ba21-1151c166a8b3,Rebecca Harper,48,South Africa
30463008-5fa7-4012-8c57-a27701d909b4,Justin Foster,57,Central African Republic
63c4e76d-a55f-4725-bcb3-c168b7062cfa,Connie Miller,37,Niue
ccca1e14-c3b8-480f-8440-8e983d53ec43,Rhonda Cohen,16,Finland
cf0e1567-882d-4fc1-be30-74f8a60147c3,Cole Jones,42,Burkina Faso
74915c14-a30b-469c-9c40-50454a22eae9,Denise Dean,47,Comoros
0cb4afe1-26f3-41c8-84f7-18c85215b503,Alison Compton,22,Finland
703c1286-b717-44cd-a002-91bb44e9f8fb,Crystal Hernandez,43,Lithuania
4fc37d4e-6b95-4c1d-9787-99d93799a376,Kathleen Watson,39,Qatar
14898025-548b-4ce3-881f-ec82ca9acf77,Tiffany Brown,56,Singapore
785b8a07-8b0e-40b9-9246-44746475c0ee,Steven Wright,45,Hong Kong
f97f4994-1f38-4f55-833a-c4d6d4085391,Danielle Wise,25,Kenya
08942176-fe99-4f69-bcd4-99753f46057b,Nicolas Davis,43,Papua New Guinea
639d8fe7-790b-485c-b55c-ca9cfb6bf1dc,Emily Morris,27,Norfolk Island
effad15b-bea6-450f-8acc-b23cba6dbed8,Barbara Olson,49,French Southern Territories
0d559b64-e334-4bac-9c44-ebd132df8d45,Claudia Rodriguez,57,North Macedonia
2ad820ca-03db-4a2e-9313-50e06f2537ce,Lauren Foster,33,Ecuador
94c176b9-0ac0-43d5-b805-90f002493a09,Karen Carlson,55,Holy See (Vatican City State)
285eed0a-3fac-4317-96e8-27b0c552f3c5,Mr. George Booker DDS,50,Bahamas
276732d3-a502-4c4b-9b03-34d80f4d6c40,Rebecca Martinez,46,Djibouti
c9df301e-8ef0-4de1-bb4f-19725115d7ee,Hannah Snow,45,Saint Martin
60b57717-b072-4fc8-8577-610831662c94,Chad Roach,43,Libyan Arab Jamahiriya
4b726a7c-8f1c-4fa0-b000-0009b4e570ba,Katherine Knight,53,Mayotte
77e8b762-bb7e-4979-92dc-bffd59008d65,Ronald Rocha,33,Micronesia
27afbff9-87f8-4f62-91a1-e557290c4414,Robert Weaver,36,Korea
8186722b-a355-4d05-86a2-8e4e002f2ca4,Cody Smith,31,Togo
3d211daf-9ec5-405d-86a9-05985d340833,Arthur Coffey,21,Svalbard & Jan Mayen Islands
aee7c7a5-8629-4fbe-b09b-48dd63329992,Mr. Louis Morris DDS,33,Bouvet Island (Bouvetoya)
1111ee29-a8ad-4539-85f0-786a18a440bd,Todd White,44,Antigua and Barbuda
310dc9d1-7c41-4a2a-9b67-f7bb33bb7382,Kenneth Huff,31,Palestinian Territory
b38950ce-9fbc-479e-869c-3a8e7d6ab7c2,Amber Walker,45,Saint Barthelemy
ebc8f6b7-ee22-4f70-8359-9c6d1224cbd2,John Preston,52,Belgium
0f8a0c2c-a390-4bc0-8d0f-a4a677d2b94f,Patrick Zamora,55,Swaziland
0eecc013-b55b-4aaa-8b53-f0be5e7b4866,Deborah Williams,58,Barbados
f1d188b9-13f3-4289-8dcc-b05dd59ef0fd,Joseph Garcia,40,Djibouti
317046b9-3080-4a5d-a2a5-0eec881af04f,Danielle Garrett,37,Christmas Island
6a4989a6-8ee2-4e54-bfcb-33888ef4d74b,Pamela Ray,17,Peru
6d54c95a-aa4d-42a8-b3da-5808756eb67d,Carol White,47,Iran
287e4086-a854-427e-9667-3e4981338bdc,Lindsay Mahoney,36,United Kingdom
ff31950a-fdd0-44a1-8cd2-216f50adff63,Jacob Duran,27,Jersey
9bc0fa93-52cd-4def-b9d2-76f4d37ee471,Joshua Brooks,47,Mexico
5c29850b-410b-4c29-be9c-afcfed17f6e9,Jillian Sanders,29,Saint Kitts and Nevis
9883e9b1-48d3-42ce-bba3-091f08dfaaf8,Chad Zamora,38,Albania
36fea0b4-38cd-4122-bc01-45e14ce2afa2,Alison Short,32,Portugal
8dbcde5a-eb4a-4de6-86a5-2064d284b528,Laura Duncan,37,Bhutan
27f6a2ac-5b0c-4170-b5da-cbbe09a9161a,Jacob Perkins,33,Djibouti
17871810-4ce0-4ecb-8fa2-8fb84199322e,Laura Robinson,54,Belarus
7b874b4a-cafb-44fe-931f-04afb93c92d5,Roger Norris,60,Morocco
98611260-1869-4755-a85c-1ec9d1cbc092,Amanda Stokes,33,Hong Kong
ebffc53f-0e50-4355-87b6-11cd1417182a,Hannah Montoya,51,Israel
deaa543e-1edb-4e71-9e2a-2ddfee249b72,Nicole Atkinson,16,Vanuatu
a1d770ea-c704-480e-a246-6cd702ed5d15,Eric Williams,49,Mauritius
809d6444-53ab-4cce-a64a-e04f909e21ba,Brittany Nunez,28,India
985a9548-c0ba-42a4-b213-e7ccf89617fa,Ann Reynolds,21,Solomon Islands
560f1e2d-21d7-4432-a5e4-240364f2502e,Kenneth Williams,31,Iran
80777ac5-6605-4e3c-95c7-bc834336ffe5,Michael Gill,42,Liberia
65339cf0-7ce4-470e-b2b7-3d808f2e08d3,Christina Gilbert,47,Saint Pierre and Miquelon
1257429e-3e08-4cb7-bf09-f7a686351a54,Jeffrey Cohen,51,Morocco
69e08370-abf7-45d0-9cce-c1ef16efacdf,Gregory Flores,31,Nepal
4e089bb4-c509-4558-8632-6b36a7c8f0c5,Gregory Underwood,60,Spain
70c23600-2554-4c1a-9f88-dda37134ae6e,Robert Gonzalez,46,Holy See (Vatican City State)
da4ec04c-ba7e-4b86-81fa-d75327ef0a4b,Patrick Sanchez,57,Niger
d51b1974-de66-4dd0-a5ce-2a21ed3e2846,Alexis Benson,47,Bouvet Island (Bouvetoya)
05d2d205-789f-4d96-b337-3c2f4e1c3762,Patrick Lewis,44,Mayotte
8c7e2904-4237-492a-8017-466e85f4c0a2,Dr. Charles Hale,17,Andorra
a9dcfe52-e7f2-418a-953f-cfd460694b6d,Dawn Brown,21,Cook Islands
4572b385-9e32-4085-b24f-92b9ca0841de,Matthew Smith,34,Iceland
da221b85-a9b9-4a1d-8574-98caa90e319d,Heather Rodriguez,30,French Guiana
62f32fae-a63f-4f12-a226-a768de0e9c53,James Bray,41,Bolivia
dde4d194-7c12-4198-90c1-b8f7e76428c4,Anita Gonzalez,60,Kuwait
05804493-b664-4199-ad25-459e8f8937fa,Thomas Torres,31,Liechtenstein
04b40ac9-2831-4f0d-be90-63fb64b5d9a5,Harold Garrett,35,Dominica
80520405-fa84-4b5f-ba6e-3743fef97d57,Antonio Scott,58,Iceland
fd88565a-d09a-434b-bffc-d743e3f16406,Justin Ramirez,53,Canada
a82cae18-6491-482b-a5ad-481d577f4c16,Nicholas Meyer,39,Philippines
afbffde4-a022-4155-9f69-5d179cc96aed,David Hernandez,46,Georgia
72fcc072-544c-4132-9af9-7493e8e46b31,Christine Taylor,51,Mauritius
dcd28b97-33ca-4a6b-8cd3-af7caf1dcfb8,Michael Roach,49,United States of America
e8b45c6a-fee5-43b3-ae18-b184229fe85b,Brianna Fitzpatrick,38,United States Virgin Islands
8eadda9a-115c-42cd-9147-6e862875d40a,Michelle White,43,Taiwan
078c3875-ba21-4269-a540-fbfee12ff6cd,Sheryl Gutierrez,51,Isle of Man
ef0b743e-bee0-4762-b168-bdec4da838b7,Mallory Rodgers,37,Canada
21acfdb5-1b55-4f6d-b01c-6abfc7739d46,Phillip Salazar,38,Ethiopia
3b1d0181-9cc3-41f5-9129-bc759b08e5a8,Crystal Johnson,60,Belgium
22538040-7a02-4a6d-87a2-b171b02a06ee,Lisa Joseph,45,Holy See (Vatican City State)
7dcf60fd-6330-48ed-9a25-27952f191516,Christopher Perez,33,Ireland
ece9504b-03d7-4962-b804-43eec3b8d179,Jason Newton,35,Cook Islands
2d54ff2b-10ee-4f77-b45e-2eafc1fda581,Victoria Camacho,32,Liechtenstein
7521aa18-dde4-45c1-932c-5c01b017c533,Jessica Parsons,30,New Caledonia
b85f164b-6160-4399-9307-3198bc3eb402,Logan Newton,23,Nepal
e033500e-a432-42b3-8675-820e8941bdd3,Amanda Rodriguez,28,Korea
e0b62f90-0adb-44ff-a0b5-5615d3b6ef1b,Kelly Foster PhD,36,Moldova
a1722ee3-c3e1-447c-8420-e0d8632c817e,Cheryl Gonzales,23,Turks and Caicos Islands
4931b2d4-d3de-487c-860f-b2524df742ae,Jay Austin,50,Austria
2469d0c2-e757-4997-8458-1f73b0a0c1cd,Matthew Davis,60,Macao
95dfe6cb-c75a-4c94-ae05-7f791cf8d03f,Melissa Taylor,27,Isle of Man
2dcafc82-0660-43e9-b36d-417c52ce55e3,Steven Huang,28,Turkmenistan
52f69081-4005-44b8-9716-03b174661e6f,Susan Hogan,29,Saint Barthelemy
1d39e9c2-1758-4f23-9fa0-9802bbb71494,Madison Miller,46,Russian Federation
f9a62522-ca83-4709-ba14-675762538cdf,Tiffany Gray,33,Hong Kong
e98965f2-2bbf-4e35-84ac-b57d0b3d6dc9,Seth Huffman,53,Central African Republic
c4e775b9-2dca-465a-a504-fd28de6ae459,Jennifer Collins,49,Seychelles
a05f36c8-49ed-456e-b23d-facdf601e005,Steven Horne,54,Afghanistan
03200c4e-40cb-4188-83f0-fac39f601d17,Scott Stephens,34,Albania
3ce5988c-7e53-4702-a1f8-d1929ba4d5a6,Matthew Chavez,22,Kenya
01aec505-99a0-4abb-99e9-54331453e17e,Joshua Harvey,28,Moldova
0c85f154-3527-4cee-9343-bf88d1f379b1,Anthony Bailey,34,Cameroon
93fde248-aac0-4912-884d-7822da948e70,Elizabeth Knapp,30,Australia
2da1afda-fe65-4dcc-aabd-b05a1be00f8e,Duane Guerrero,39,Reunion
8fead84e-c98c-4d48-9281-1c92984fe323,Jesse Riley,27,Venezuela
4c9e903a-c4bd-438e-97d7-1fc0092cd030,Steven Wilkins,35,Senegal
109efb40-8ceb-4c57-97e3-23cf6d651847,Chad Neal,16,Falkland Islands (Malvinas)
864f36dd-69ec-49d5-86ec-ed9954470290,Daniel Brown,50,Montserrat
87690baa-a104-4dce-bab6-ad91bacf7cfc,Mrs. Melissa Peck,24,Romania
d90949aa-9bdd-4d7a-ad53-628b49851b79,Joseph Carney,33,Guinea
9008cdc9-9d42-4bae-a134-e15bed56c714,Nicholas Jimenez PhD,18,Turks and Caicos Islands
4a5d6cea-b565-464e-bb93-a53f9c02040d,April Johnson,19,Niue
d91b1a04-bcca-4a38-9e30-614fcbf6aa23,Luis Perry,51,Aruba
ce58de20-8f77-43e0-9982-aa44557368cf,Alexandra Harris,34,Finland
4eca2e96-115d-444f-8a4a-40bc412181a3,Joshua Wang,60,Brazil
65637d1f-5763-4902-9552-0712af92ef22,Lisa Johnson,24,China
56830783-d575-4337-949c-9eb931ab0158,Karen Wells,56,Argentina
27c7655a-7b43-4a72-a2c0-c475a54976d0,Stephanie Herrera,47,Grenada
69f8d3e4-d06d-4943-88b3-815e76647043,Amy Meyer,22,Mongolia
8e2017e1-50c4-4b4b-ad9e-5c1eb9974024,Christine Jennings,16,South Georgia and the South Sandwich Islands
5a853cd8-cbb8-4be0-a355-e636ea8b31f5,Chase Pittman,52,Guadeloupe
88c62063-a063-43ca-a00f-c79cfbce7087,Laura Price,34,Nepal
c064f074-c847-4130-9d56-030e1de987a2,Scott Mckinney,46,Faroe Islands
e0864418-7f3e-459b-9638-613769f35b2d,Jesse Sampson,46,Cuba
1cbb304b-2ccd-42af-8d64-bb63866cfb2b,Andrew Harris,44,Bermuda
cc8ceba9-0662-400c-8188-de48719b2dd6,Mr. Connor Mclean,37,Saint Martin
c6895836-4f73-4b1c-860c-7b68dfb68a5f,Randy Garcia,27,Wallis and Futuna
21f9c072-fe22-4ba1-ad3d-581e84222f58,Andrew Hughes,19,Tonga
4f9c78bf-010d-483f-9da7-6d6985b864d4,Melissa Wheeler,32,Benin
0bcfd0fc-e3a1-4f97-b785-2ddb55527a3c,Ralph Reese,46,Angola
a38bbaa4-4fe8-48d8-822c-a6a893daf60d,Erica Lee,23,Falkland Islands (Malvinas)
70ecf41b-c5d5-4016-91b3-ccf588433a38,Denise Moore,20,Brazil
8f43a250-9f79-4228-b553-056703e7dd21,Christine Bell,41,Ghana
b4508610-f17a-47a9-a43d-116d4563abbe,Laura Jackson,47,Georgia
8a6342ca-56b7-479e-a46a-0b429cfecbd8,Carlos Ruiz,20,Peru
0dc5d42e-6233-460a-9b1e-06c30ceaaf73,James Bush,52,Uganda
b0ac0677-d60f-4680-a124-fdb297bedf31,Lisa Edwards,56,Svalbard & Jan Mayen Islands
abbe274a-c226-4b53-b680-873b32b9c542,Angela Livingston,59,Serbia
17c95aaa-21bd-45eb-915a-a3c07737cfb5,Tamara Mcdonald,19,Korea
b5d0b595-a4f8-4e23-af39-f2ce4f75d45a,Julie Meza,25,Cambodia
420fbeef-9def-4ab9-a54c-a6cadc70ce22,Jenna Lyons,25,Papua New Guinea
e1e538a1-dc5c-4673-89ed-66a654905f79,John Jones,52,Bouvet Island (Bouvetoya)
d8842354-7613-4f44-ba88-f16259f8068e,Randy Munoz,35,Brunei Darussalam
d14b256c-67db-4943-9a59-c3eb8208fd42,Ashley Hawkins,21,Barbados
760272ba-8862-436f-8d57-9d00cadcc10f,Jason Oliver,31,Mexico
6241cba3-7b7c-47cc-b950-f7fa28b58db5,Daniel Benson,23,Jersey
9134c0b7-6f73-473b-baee-bacdc8c8ccf9,Kimberly Young,51,Panama
ee4d0dec-bd47-4885-93f0-e33fab6b3f08,Sara Wilson,42,Nepal
18ffd8ad-8e1a-4a51-934b-fa8676812ad7,Casey Blanchard,54,Bangladesh
d066ad21-af7d-4f21-9bd6-b03d9927839b,Sally Murphy,54,Oman
37b567b4-172d-4bd0-8fbd-4c81a9008ecd,Stacy Berger,55,North Macedonia
258fcafc-c1cf-4878-800c-14a5cf51a203,Jodi Carter,30,Nicaragua
34a63e76-3217-4525-b279-101c93f3503d,Emily Hudson,49,United States Minor Outlying Islands
f17e4a71-eb22-4c1d-8df6-ff4fadf792ff,Michelle Herman,40,Benin
fc862110-9c8a-4872-8214-1a68952d986c,Sarah Phelps,44,Bahamas
f7c8435f-8c83-4c68-a6ac-e59a5e85643c,Michael Hoover,44,Guinea-Bissau
dd9d2e4d-483e-4d69-9c7a-bd161c153057,Jeffrey Lawrence,35,Niue
67f1c18b-61fe-400a-b636-cc4c5170ca8a,Joshua Bates,53,Lebanon
6274d240-8e30-4bcc-b02f-a247239a046d,Heather Butler,43,France
2023fd4b-ab89-436b-9f6b-9b3fff594778,Benjamin Smith,35,Saint Helena
6fcddf50-a86d-4251-bc98-756fe288109d,Brandy Taylor,52,Sri Lanka
e4c1d210-74be-4b20-9c32-f8a06a7580e2,Lindsey Simmons,55,Cocos (Keeling) Islands
8d532691-6c93-4f69-8269-041a74533044,Janice Perez,19,Jamaica
7f8736f1-93f3-4702-81e6-ee9a9ac55023,Cynthia Shaw,55,Isle of Man
5df1bf6f-938b-43f8-8bd1-8d4bed3353fc,Andrew Webb,22,Heard Island and McDonald Islands
f63471f8-7b45-4d9c-948c-7eb41cf8570b,Brenda Simon,29,Togo
478817ec-c764-432e-8026-27d1fbd1b0c0,Blake Wu,56,Benin
bddf2416-a173-4ed8-b8f2-961c3ec77a8f,Mary Sutton,29,Mauritius
9cf021b8-4fff-4b59-9462-8786cc502a89,Greg Osborne,32,Latvia
781f9d3f-e7f3-49dc-833d-e3ad743b9f71,Erin Gomez,58,South Georgia and the South Sandwich Islands
090b23ed-2ae1-40bc-8a09-90884b6c14e4,Linda Torres,21,Slovenia
a119ceee-0fb9-4307-82ac-66dc904f0df7,Christopher Williams,26,French Guiana
06fd01e6-9fd3-4d40-bcc4-f0dbcf13cb3d,Bradley Wagner,31,Thailand
21ee0f6c-4086-49bb-8721-194bc8a4ae21,Denise Scott,27,Saint Vincent and the Grenadines
e8fe6095-2cb3-4e23-9a94-0c6c1c8e806b,Brittany Griffin,51,Sri Lanka
b365fb7c-c853-4c55-82e1-73022ce6f908,Christopher Rose,20,Antigua and Barbuda
f7a3f6a6-159b-458b-bbec-1ed857c4e2c3,Timothy Moore,26,Lithuania
c536d2ce-69b6-43b7-be5b-9fc9c0b4f6d6,Matthew Barber,16,Chad
d7825ea3-bbff-46e9-93e7-e89335fab528,Martin Campos,42,Brazil
661423a7-76c9-4eb2-aae7-dc190d722918,John Vaughan,44,Uzbekistan
aefa823b-613a-4ff9-bbd1-3a438853490b,Karen Thomas,60,Trinidad and Tobago
ed5e749b-49ee-4969-8309-74c06f4abfcc,Janet Stewart,54,Marshall Islands
18ecde2b-0a80-4167-b4b3-f20eaed0fb57,Marcia Blanchard,46,Jersey
dbbd3290-a6ed-4add-ab04-cd299c48c830,Devin Lang,34,Equatorial Guinea
760b3673-6422-473e-958c-9cfda7830a8f,Nicole Navarro,18,Namibia
56604762-851b-4860-b1e6-a645c53f4f7e,Wendy Edwards,30,Algeria
11654cb3-d4e9-4a65-822b-7e76ac3cbe34,Brent Garcia,34,Kiribati
4886274c-b9aa-46f5-b82b-ab1159fcfaeb,Andrew Harvey,34,Azerbaijan
e4db04c8-a817-4c85-9819-7749f041e4f7,Tiffany Little,60,Russian Federation
db3fb4a2-161d-4acf-9eb6-d1f0f5321352,Jamie Gallagher,45,Oman
2f4cfefb-f798-48a2-8d9e-84ec90e9e294,Melissa King,20,Lao People's Democratic Republic
a3871e92-1362-4119-afa9-a0a3a9151364,Zachary Hammond,59,Puerto Rico
c5268f0f-c516-4394-aae6-787ee744aa30,Christopher Jones,30,Singapore
5528dc45-637a-4999-a1ff-1d9a0ff89e8a,Deanna Hess MD,32,Bangladesh
335f0d14-edb7-44e4-babb-66097de17a85,Cassandra Vasquez,56,Cambodia
37e82d71-6e66-4273-84ca-00d78a66de67,Ashley Alexander,53,Eritrea
12068ad6-12aa-4a4b-88ec-a4c81a71064d,Danielle Griffin,58,Ukraine
a3ed033a-a722-4ea2-a61b-50487f695b97,Andrew Myers,28,Canada
642e3a16-e795-43fb-946f-cba3b336d143,Kaylee Case,43,Liechtenstein
d8139af7-6766-437b-afa1-79a57a675870,Robin Jones,23,Czech Republic
b0736dd1-f443-464c-a269-9a4400d8c046,Karen Bradley,50,Vietnam
ae8cc97b-555c-4e18-9be2-124ffdd99681,Anthony Shea,30,Oman
da74a056-88dd-44cc-9d87-edd21735f36b,Angela Stevens,57,Seychelles
2d36db7e-33ff-4402-a5d5-bbf94a3abb3a,Tracy Guerrero,25,French Southern Territories
1b552618-e57e-42d3-a3dd-e733b225574e,Heather Miller,33,Norfolk Island
23d34d22-3080-4ed6-bc3e-34af701fb3ea,Alexander Davies,25,Dominican Republic
caf0f442-1020-48e6-a386-44e07d3e5830,Elizabeth Ferguson,20,Syrian Arab Republic
feeef3e1-f771-4700-b305-cd23cfd0b040,Gerald Morgan,19,Saint Helena
36308a60-1e41-42bb-a7cf-5ce00af5e4a9,Mary Ellis,26,Philippines
2621d32d-895c-467f-9fcf-338cdec56dc3,Crystal Jones,35,Saint Pierre and Miquelon
